HG00733#1#JAHEPQ010000009.1_80095657_84198031	HG00733#1#JAHEPQ010000009.1_80095657_84198031	100.000	4102375	0	0	0	4102375	1	4102375	4102375	1	4102375	0.0	8204750	7.398e+06	plus	HG00733#1#JAHEPQ010000009.1_80095657_84198031
HG00733#1#JAHEPQ010000009.1_80095657_84198031	HG00733#1#JAHEPQ010000009.1_80095657_84198031	99.886	615371	433	71	271	4102375	2982364	3597597	4102375	2499820	3115056	0.0	1227138	1.106e+06	plus	HG00733#1#JAHEPQ010000009.1_80095657_84198031
HG00733#1#JAHEPQ010000009.1_80095657_84198031	HG00733#1#JAHEPQ010000009.1_80095657_84198031	99.886	615371	433	71	271	4102375	2499820	3115056	4102375	2982364	3597597	0.0	1227138	1.106e+06	plus	HG00733#1#JAHEPQ010000009.1_80095657_84198031
HG00733#1#JAHEPQ010000009.1_80095657_84198031	HG00733#1#JAHEPQ010000009.1_80095657_84198031	99.624	482851	1069	218	746	4102375	2700089	3182646	4102375	919514	437117	0.0	956283	8.623e+05	minus	HG00733#1#JAHEPQ010000009.1_80095657_84198031
HG00733#1#JAHEPQ010000009.1_80095657_84198031	HG00733#1#JAHEPQ010000009.1_80095657_84198031	99.624	482851	1069	218	746	4102375	437117	919514	4102375	3182646	2700089	0.0	956283	8.623e+05	minus	HG00733#1#JAHEPQ010000009.1_80095657_84198031
HG00733#1#JAHEPQ010000009.1_80095657_84198031	HG00733#1#JAHEPQ010000009.1_80095657_84198031	99.632	415222	888	187	639	4102375	3182643	3597604	4102375	919514	504672	0.0	822513	7.416e+05	minus	HG00733#1#JAHEPQ010000009.1_80095657_84198031
HG00733#1#JAHEPQ010000009.1_80095657_84198031	HG00733#1#JAHEPQ010000009.1_80095657_84198031	99.632	415222	888	187	639	4102375	504672	919514	4102375	3597604	3182643	0.0	822513	7.416e+05	minus	HG00733#1#JAHEPQ010000009.1_80095657_84198031
HG00733#1#JAHEPQ010000009.1_80095657_84198031	HG00733#1#JAHEPQ010000009.1_80095657_84198031	99.477	200419	650	103	398	4102375	2499820	2700092	4102375	637283	437117	0.0	395481	3.566e+05	minus	HG00733#1#JAHEPQ010000009.1_80095657_84198031
HG00733#1#JAHEPQ010000009.1_80095657_84198031	HG00733#1#JAHEPQ010000009.1_80095657_84198031	99.477	200419	650	103	398	4102375	437117	637283	4102375	2700092	2499820	0.0	395481	3.566e+05	minus	HG00733#1#JAHEPQ010000009.1_80095657_84198031
HG00733#1#JAHEPQ010000009.1_80095657_84198031	HG00733#1#JAHEPQ010000009.1_80095657_84198031	99.686	195263	383	81	230	4102375	1515695	1710834	4102375	2227282	2422437	0.0	387286	3.492e+05	plus	HG00733#1#JAHEPQ010000009.1_80095657_84198031
HG00733#1#JAHEPQ010000009.1_80095657_84198031	HG00733#1#JAHEPQ010000009.1_80095657_84198031	99.604	170914	502	56	174	4102375	3597615	3768456	4102375	1919147	2089958	0.0	338342	3.051e+05	plus	HG00733#1#JAHEPQ010000009.1_80095657_84198031
HG00733#1#JAHEPQ010000009.1_80095657_84198031	HG00733#1#JAHEPQ010000009.1_80095657_84198031	99.604	170914	502	56	174	4102375	1919147	2089958	4102375	3597615	3768456	0.0	338342	3.051e+05	plus	HG00733#1#JAHEPQ010000009.1_80095657_84198031
HG00733#1#JAHEPQ010000009.1_80095657_84198031	HG00733#1#JAHEPQ010000009.1_80095657_84198031	99.801	159176	220	48	97	4102375	2227282	2386393	4102375	1515695	1674837	0.0	316624	2.855e+05	plus	HG00733#1#JAHEPQ010000009.1_80095657_84198031
HG00733#1#JAHEPQ010000009.1_80095657_84198031	HG00733#1#JAHEPQ010000009.1_80095657_84198031	99.359	155946	633	108	367	4102375	2922261	3078025	4102375	1726690	1882449	0.0	306719	2.766e+05	plus	HG00733#1#JAHEPQ010000009.1_80095657_84198031
HG00733#1#JAHEPQ010000009.1_80095657_84198031	HG00733#1#JAHEPQ010000009.1_80095657_84198031	99.359	155946	633	108	367	4102375	3404815	3560579	4102375	1726690	1882449	0.0	306719	2.766e+05	plus	HG00733#1#JAHEPQ010000009.1_80095657_84198031
HG00733#1#JAHEPQ010000009.1_80095657_84198031	HG00733#1#JAHEPQ010000009.1_80095657_84198031	99.359	155946	633	108	367	4102375	1726690	1882449	4102375	2922261	3078025	0.0	306719	2.766e+05	plus	HG00733#1#JAHEPQ010000009.1_80095657_84198031
HG00733#1#JAHEPQ010000009.1_80095657_84198031	HG00733#1#JAHEPQ010000009.1_80095657_84198031	99.359	155946	633	108	367	4102375	1726690	1882449	4102375	3404815	3560579	0.0	306719	2.766e+05	plus	HG00733#1#JAHEPQ010000009.1_80095657_84198031
HG00733#1#JAHEPQ010000009.1_80095657_84198031	HG00733#1#JAHEPQ010000009.1_80095657_84198031	99.289	155949	679	120	430	4102375	1726690	1882449	4102375	697370	541663	0.0	306183	2.761e+05	minus	HG00733#1#JAHEPQ010000009.1_80095657_84198031
HG00733#1#JAHEPQ010000009.1_80095657_84198031	HG00733#1#JAHEPQ010000009.1_80095657_84198031	99.289	155949	679	120	430	4102375	541663	697370	4102375	1882449	1726690	0.0	306183	2.761e+05	minus	HG00733#1#JAHEPQ010000009.1_80095657_84198031
HG00733#1#JAHEPQ010000009.1_80095657_84198031	HG00733#1#JAHEPQ010000009.1_80095657_84198031	99.428	142748	462	87	355	4102375	2779919	2922515	4102375	2297283	2439826	0.0	281331	2.537e+05	plus	HG00733#1#JAHEPQ010000009.1_80095657_84198031
HG00733#1#JAHEPQ010000009.1_80095657_84198031	HG00733#1#JAHEPQ010000009.1_80095657_84198031	99.428	142748	462	87	355	4102375	3262473	3405069	4102375	2297283	2439826	0.0	281331	2.537e+05	plus	HG00733#1#JAHEPQ010000009.1_80095657_84198031
HG00733#1#JAHEPQ010000009.1_80095657_84198031	HG00733#1#JAHEPQ010000009.1_80095657_84198031	99.337	142746	575	95	372	4102375	697116	839691	4102375	2439826	2297283	0.0	280654	2.531e+05	minus	HG00733#1#JAHEPQ010000009.1_80095657_84198031
HG00733#1#JAHEPQ010000009.1_80095657_84198031	HG00733#1#JAHEPQ010000009.1_80095657_84198031	99.470	132817	433	71	271	4102375	3464918	3597597	4102375	2499820	2632502	0.0	262030	2.363e+05	plus	HG00733#1#JAHEPQ010000009.1_80095657_84198031
HG00733#1#JAHEPQ010000009.1_80095657_84198031	HG00733#1#JAHEPQ010000009.1_80095657_84198031	99.470	132817	433	71	271	4102375	2499820	2632502	4102375	3464918	3597597	0.0	262030	2.363e+05	plus	HG00733#1#JAHEPQ010000009.1_80095657_84198031
HG00733#1#JAHEPQ010000009.1_80095657_84198031	HG00733#1#JAHEPQ010000009.1_80095657_84198031	99.455	128121	437	66	261	4102375	2595672	2723727	4102375	1882442	2010366	0.0	252683	2.278e+05	plus	HG00733#1#JAHEPQ010000009.1_80095657_84198031
HG00733#1#JAHEPQ010000009.1_80095657_84198031	HG00733#1#JAHEPQ010000009.1_80095657_84198031	99.455	128121	437	66	261	4102375	3078226	3206281	4102375	1882442	2010366	0.0	252683	2.278e+05	plus	HG00733#1#JAHEPQ010000009.1_80095657_84198031
HG00733#1#JAHEPQ010000009.1_80095657_84198031	HG00733#1#JAHEPQ010000009.1_80095657_84198031	99.455	128121	437	66	261	4102375	1882442	2010366	4102375	2595672	2723727	0.0	252683	2.278e+05	plus	HG00733#1#JAHEPQ010000009.1_80095657_84198031
HG00733#1#JAHEPQ010000009.1_80095657_84198031	HG00733#1#JAHEPQ010000009.1_80095657_84198031	99.455	128121	437	66	261	4102375	1882442	2010366	4102375	3078226	3206281	0.0	252683	2.278e+05	plus	HG00733#1#JAHEPQ010000009.1_80095657_84198031
HG00733#1#JAHEPQ010000009.1_80095657_84198031	HG00733#1#JAHEPQ010000009.1_80095657_84198031	99.213	125331	644	103	342	4102375	2779919	2905108	4102375	1585705	1710834	0.0	245559	2.214e+05	plus	HG00733#1#JAHEPQ010000009.1_80095657_84198031
HG00733#1#JAHEPQ010000009.1_80095657_84198031	HG00733#1#JAHEPQ010000009.1_80095657_84198031	99.213	125331	644	103	342	4102375	3262473	3387662	4102375	1585705	1710834	0.0	245559	2.214e+05	plus	HG00733#1#JAHEPQ010000009.1_80095657_84198031
HG00733#1#JAHEPQ010000009.1_80095657_84198031	HG00733#1#JAHEPQ010000009.1_80095657_84198031	99.213	125331	644	103	342	4102375	1585705	1710834	4102375	2779919	2905108	0.0	245559	2.214e+05	plus	HG00733#1#JAHEPQ010000009.1_80095657_84198031
HG00733#1#JAHEPQ010000009.1_80095657_84198031	HG00733#1#JAHEPQ010000009.1_80095657_84198031	99.213	125331	644	103	342	4102375	1585705	1710834	4102375	3262473	3387662	0.0	245559	2.214e+05	plus	HG00733#1#JAHEPQ010000009.1_80095657_84198031
HG00733#1#JAHEPQ010000009.1_80095657_84198031	HG00733#1#JAHEPQ010000009.1_80095657_84198031	99.104	125340	758	116	365	4102375	1585705	1710834	4102375	839691	714507	0.0	244850	2.208e+05	minus	HG00733#1#JAHEPQ010000009.1_80095657_84198031
HG00733#1#JAHEPQ010000009.1_80095657_84198031	HG00733#1#JAHEPQ010000009.1_80095657_84198031	99.104	125340	758	116	365	4102375	714507	839691	4102375	1710834	1585705	0.0	244850	2.208e+05	minus	HG00733#1#JAHEPQ010000009.1_80095657_84198031
HG00733#1#JAHEPQ010000009.1_80095657_84198031	HG00733#1#JAHEPQ010000009.1_80095657_84198031	99.507	115440	366	45	203	4102375	247749	363085	4102375	1507883	1392544	0.0	228013	2.056e+05	minus	HG00733#1#JAHEPQ010000009.1_80095657_84198031
HG00733#1#JAHEPQ010000009.1_80095657_84198031	HG00733#1#JAHEPQ010000009.1_80095657_84198031	99.507	115440	366	46	203	4102375	1392544	1507883	4102375	363085	247749	0.0	228008	2.056e+05	minus	HG00733#1#JAHEPQ010000009.1_80095657_84198031
HG00733#1#JAHEPQ010000009.1_80095657_84198031	HG00733#1#JAHEPQ010000009.1_80095657_84198031	99.429	104409	431	56	165	4102375	1882442	1986748	4102375	541462	437117	0.0	205723	1.855e+05	minus	HG00733#1#JAHEPQ010000009.1_80095657_84198031
HG00733#1#JAHEPQ010000009.1_80095657_84198031	HG00733#1#JAHEPQ010000009.1_80095657_84198031	99.429	104409	431	56	165	4102375	437117	541462	4102375	1986748	1882442	0.0	205723	1.855e+05	minus	HG00733#1#JAHEPQ010000009.1_80095657_84198031
HG00733#1#JAHEPQ010000009.1_80095657_84198031	HG00733#1#JAHEPQ010000009.1_80095657_84198031	99.428	95753	360	46	188	4102375	2499822	2595471	4102375	1786782	1882449	0.0	188724	1.702e+05	plus	HG00733#1#JAHEPQ010000009.1_80095657_84198031
HG00733#1#JAHEPQ010000009.1_80095657_84198031	HG00733#1#JAHEPQ010000009.1_80095657_84198031	99.428	95753	360	46	188	4102375	1786782	1882449	4102375	2499822	2595471	0.0	188724	1.702e+05	plus	HG00733#1#JAHEPQ010000009.1_80095657_84198031
HG00733#1#JAHEPQ010000009.1_80095657_84198031	HG00733#1#JAHEPQ010000009.1_80095657_84198031	99.632	91382	243	28	93	4102375	3597573	3688883	4102375	2632368	2723727	0.0	181037	1.632e+05	plus	HG00733#1#JAHEPQ010000009.1_80095657_84198031
HG00733#1#JAHEPQ010000009.1_80095657_84198031	HG00733#1#JAHEPQ010000009.1_80095657_84198031	99.632	91382	243	28	93	4102375	3597573	3688883	4102375	3114922	3206281	0.0	181037	1.632e+05	plus	HG00733#1#JAHEPQ010000009.1_80095657_84198031
HG00733#1#JAHEPQ010000009.1_80095657_84198031	HG00733#1#JAHEPQ010000009.1_80095657_84198031	99.632	91382	243	28	93	4102375	2632368	2723727	4102375	3597573	3688883	0.0	181037	1.632e+05	plus	HG00733#1#JAHEPQ010000009.1_80095657_84198031
HG00733#1#JAHEPQ010000009.1_80095657_84198031	HG00733#1#JAHEPQ010000009.1_80095657_84198031	99.632	91382	243	28	93	4102375	3114922	3206281	4102375	3597573	3688883	0.0	181037	1.632e+05	plus	HG00733#1#JAHEPQ010000009.1_80095657_84198031
HG00733#1#JAHEPQ010000009.1_80095657_84198031	HG00733#1#JAHEPQ010000009.1_80095657_84198031	99.280	89271	413	66	230	4102375	2297283	2386393	4102375	2779919	2869119	0.0	175227	1.580e+05	plus	HG00733#1#JAHEPQ010000009.1_80095657_84198031
HG00733#1#JAHEPQ010000009.1_80095657_84198031	HG00733#1#JAHEPQ010000009.1_80095657_84198031	99.280	89271	413	66	230	4102375	2297283	2386393	4102375	3262473	3351673	0.0	175227	1.580e+05	plus	HG00733#1#JAHEPQ010000009.1_80095657_84198031
HG00733#1#JAHEPQ010000009.1_80095657_84198031	HG00733#1#JAHEPQ010000009.1_80095657_84198031	99.147	89261	518	71	243	4102375	2297283	2386393	4102375	839691	750524	0.0	174605	1.574e+05	minus	HG00733#1#JAHEPQ010000009.1_80095657_84198031
HG00733#1#JAHEPQ010000009.1_80095657_84198031	HG00733#1#JAHEPQ010000009.1_80095657_84198031	99.470	82901	219	37	220	4102375	2171413	2254185	4102375	3850534	3933342	0.0	163642	1.476e+05	plus	HG00733#1#JAHEPQ010000009.1_80095657_84198031
HG00733#1#JAHEPQ010000009.1_80095657_84198031	HG00733#1#JAHEPQ010000009.1_80095657_84198031	99.458	82904	223	38	226	4102375	3850534	3933342	4102375	2171413	2254185	0.0	163599	1.475e+05	plus	HG00733#1#JAHEPQ010000009.1_80095657_84198031
HG00733#1#JAHEPQ010000009.1_80095657_84198031	HG00733#1#JAHEPQ010000009.1_80095657_84198031	99.303	82477	334	40	241	4102375	3768338	3850727	4102375	2089702	2172024	0.0	162120	1.462e+05	plus	HG00733#1#JAHEPQ010000009.1_80095657_84198031
HG00733#1#JAHEPQ010000009.1_80095657_84198031	HG00733#1#JAHEPQ010000009.1_80095657_84198031	99.303	82477	334	40	241	4102375	2089702	2172024	4102375	3768338	3850727	0.0	162120	1.462e+05	plus	HG00733#1#JAHEPQ010000009.1_80095657_84198031
HG00733#1#JAHEPQ010000009.1_80095657_84198031	HG00733#1#JAHEPQ010000009.1_80095657_84198031	99.238	75977	329	80	250	4102375	2424083	2499865	4102375	1710833	1786753	0.0	148909	1.343e+05	plus	HG00733#1#JAHEPQ010000009.1_80095657_84198031
HG00733#1#JAHEPQ010000009.1_80095657_84198031	HG00733#1#JAHEPQ010000009.1_80095657_84198031	99.238	75977	329	81	250	4102375	1710833	1786753	4102375	2424083	2499865	0.0	148904	1.343e+05	plus	HG00733#1#JAHEPQ010000009.1_80095657_84198031
HG00733#1#JAHEPQ010000009.1_80095657_84198031	HG00733#1#JAHEPQ010000009.1_80095657_84198031	99.399	67692	288	33	119	4102375	3597631	3665262	4102375	504749	437117	0.0	133303	1.202e+05	minus	HG00733#1#JAHEPQ010000009.1_80095657_84198031
HG00733#1#JAHEPQ010000009.1_80095657_84198031	HG00733#1#JAHEPQ010000009.1_80095657_84198031	99.399	67692	288	33	119	4102375	437117	504749	4102375	3665262	3597631	0.0	133303	1.202e+05	minus	HG00733#1#JAHEPQ010000009.1_80095657_84198031
HG00733#1#JAHEPQ010000009.1_80095657_84198031	HG00733#1#JAHEPQ010000009.1_80095657_84198031	99.279	66325	218	54	260	4102375	3207272	3273481	4102375	429265	363086	0.0	130250	1.174e+05	minus	HG00733#1#JAHEPQ010000009.1_80095657_84198031
HG00733#1#JAHEPQ010000009.1_80095657_84198031	HG00733#1#JAHEPQ010000009.1_80095657_84198031	99.279	66325	218	54	260	4102375	2724718	2790927	4102375	429265	363086	0.0	130250	1.174e+05	minus	HG00733#1#JAHEPQ010000009.1_80095657_84198031
HG00733#1#JAHEPQ010000009.1_80095657_84198031	HG00733#1#JAHEPQ010000009.1_80095657_84198031	99.279	66325	218	54	260	4102375	363086	429265	4102375	2790927	2724718	0.0	130250	1.174e+05	minus	HG00733#1#JAHEPQ010000009.1_80095657_84198031
HG00733#1#JAHEPQ010000009.1_80095657_84198031	HG00733#1#JAHEPQ010000009.1_80095657_84198031	99.279	66325	218	54	260	4102375	363086	429265	4102375	3273481	3207272	0.0	130250	1.174e+05	minus	HG00733#1#JAHEPQ010000009.1_80095657_84198031
HG00733#1#JAHEPQ010000009.1_80095657_84198031	HG00733#1#JAHEPQ010000009.1_80095657_84198031	99.256	66290	294	58	199	4102375	828687	894887	4102375	363086	429265	0.0	130024	1.172e+05	plus	HG00733#1#JAHEPQ010000009.1_80095657_84198031
HG00733#1#JAHEPQ010000009.1_80095657_84198031	HG00733#1#JAHEPQ010000009.1_80095657_84198031	99.256	66290	294	58	199	4102375	363086	429265	4102375	828687	894887	0.0	130024	1.172e+05	plus	HG00733#1#JAHEPQ010000009.1_80095657_84198031
HG00733#1#JAHEPQ010000009.1_80095657_84198031	HG00733#1#JAHEPQ010000009.1_80095657_84198031	99.230	60128	252	61	211	4102375	2439875	2499865	4102375	697371	637318	0.0	117847	1.063e+05	minus	HG00733#1#JAHEPQ010000009.1_80095657_84198031
HG00733#1#JAHEPQ010000009.1_80095657_84198031	HG00733#1#JAHEPQ010000009.1_80095657_84198031	99.225	60128	255	62	211	4102375	637318	697371	4102375	2499865	2439875	0.0	117827	1.062e+05	minus	HG00733#1#JAHEPQ010000009.1_80095657_84198031
HG00733#1#JAHEPQ010000009.1_80095657_84198031	HG00733#1#JAHEPQ010000009.1_80095657_84198031	99.740	53498	49	18	90	4102375	2386392	2439826	4102375	2869045	2922515	0.0	106301	95851	plus	HG00733#1#JAHEPQ010000009.1_80095657_84198031
HG00733#1#JAHEPQ010000009.1_80095657_84198031	HG00733#1#JAHEPQ010000009.1_80095657_84198031	99.740	53498	49	18	90	4102375	2386392	2439826	4102375	3351599	3405069	0.0	106301	95851	plus	HG00733#1#JAHEPQ010000009.1_80095657_84198031
HG00733#1#JAHEPQ010000009.1_80095657_84198031	HG00733#1#JAHEPQ010000009.1_80095657_84198031	99.718	53506	57	21	94	4102375	2386392	2439826	4102375	750598	697116	0.0	106246	95801	minus	HG00733#1#JAHEPQ010000009.1_80095657_84198031
HG00733#1#JAHEPQ010000009.1_80095657_84198031	HG00733#1#JAHEPQ010000009.1_80095657_84198031	99.176	50118	284	51	129	4102375	2922260	2972322	4102375	2439875	2489918	0.0	98045	88406	plus	HG00733#1#JAHEPQ010000009.1_80095657_84198031
HG00733#1#JAHEPQ010000009.1_80095657_84198031	HG00733#1#JAHEPQ010000009.1_80095657_84198031	99.176	50118	284	51	129	4102375	3404814	3454876	4102375	2439875	2489918	0.0	98045	88406	plus	HG00733#1#JAHEPQ010000009.1_80095657_84198031
HG00733#1#JAHEPQ010000009.1_80095657_84198031	HG00733#1#JAHEPQ010000009.1_80095657_84198031	99.176	50118	284	51	129	4102375	2439875	2489918	4102375	2922260	2972322	0.0	98045	88406	plus	HG00733#1#JAHEPQ010000009.1_80095657_84198031
HG00733#1#JAHEPQ010000009.1_80095657_84198031	HG00733#1#JAHEPQ010000009.1_80095657_84198031	99.176	50118	284	51	129	4102375	2439875	2489918	4102375	3404814	3454876	0.0	98045	88406	plus	HG00733#1#JAHEPQ010000009.1_80095657_84198031
HG00733#1#JAHEPQ010000009.1_80095657_84198031	HG00733#1#JAHEPQ010000009.1_80095657_84198031	98.569	42755	384	52	228	4102375	2010036	2052716	4102375	429589	386989	0.0	82418	74316	minus	HG00733#1#JAHEPQ010000009.1_80095657_84198031
HG00733#1#JAHEPQ010000009.1_80095657_84198031	HG00733#1#JAHEPQ010000009.1_80095657_84198031	98.569	42755	384	52	228	4102375	386989	429589	4102375	2052716	2010036	0.0	82418	74316	minus	HG00733#1#JAHEPQ010000009.1_80095657_84198031
HG00733#1#JAHEPQ010000009.1_80095657_84198031	HG00733#1#JAHEPQ010000009.1_80095657_84198031	98.550	42752	391	52	229	4102375	3688554	3731227	4102375	429589	386989	0.0	82373	74275	minus	HG00733#1#JAHEPQ010000009.1_80095657_84198031
HG00733#1#JAHEPQ010000009.1_80095657_84198031	HG00733#1#JAHEPQ010000009.1_80095657_84198031	98.550	42752	391	52	229	4102375	386989	429589	4102375	3731227	3688554	0.0	82373	74275	minus	HG00733#1#JAHEPQ010000009.1_80095657_84198031
HG00733#1#JAHEPQ010000009.1_80095657_84198031	HG00733#1#JAHEPQ010000009.1_80095657_84198031	98.717	42396	390	43	154	4102375	2724718	2766998	4102375	2010360	2052716	0.0	82011	73949	plus	HG00733#1#JAHEPQ010000009.1_80095657_84198031
HG00733#1#JAHEPQ010000009.1_80095657_84198031	HG00733#1#JAHEPQ010000009.1_80095657_84198031	98.717	42396	390	43	154	4102375	3207272	3249552	4102375	2010360	2052716	0.0	82011	73949	plus	HG00733#1#JAHEPQ010000009.1_80095657_84198031
HG00733#1#JAHEPQ010000009.1_80095657_84198031	HG00733#1#JAHEPQ010000009.1_80095657_84198031	98.717	42396	390	43	154	4102375	2010360	2052716	4102375	2724718	2766998	0.0	82011	73949	plus	HG00733#1#JAHEPQ010000009.1_80095657_84198031
HG00733#1#JAHEPQ010000009.1_80095657_84198031	HG00733#1#JAHEPQ010000009.1_80095657_84198031	98.717	42396	390	43	154	4102375	2010360	2052716	4102375	3207272	3249552	0.0	82011	73949	plus	HG00733#1#JAHEPQ010000009.1_80095657_84198031
HG00733#1#JAHEPQ010000009.1_80095657_84198031	HG00733#1#JAHEPQ010000009.1_80095657_84198031	98.684	42395	400	47	158	4102375	3688877	3731227	4102375	2724718	2766998	0.0	81923	73869	plus	HG00733#1#JAHEPQ010000009.1_80095657_84198031
HG00733#1#JAHEPQ010000009.1_80095657_84198031	HG00733#1#JAHEPQ010000009.1_80095657_84198031	98.684	42395	400	47	158	4102375	3688877	3731227	4102375	3207272	3249552	0.0	81923	73869	plus	HG00733#1#JAHEPQ010000009.1_80095657_84198031
HG00733#1#JAHEPQ010000009.1_80095657_84198031	HG00733#1#JAHEPQ010000009.1_80095657_84198031	98.684	42395	400	47	158	4102375	2724718	2766998	4102375	3688877	3731227	0.0	81923	73869	plus	HG00733#1#JAHEPQ010000009.1_80095657_84198031
HG00733#1#JAHEPQ010000009.1_80095657_84198031	HG00733#1#JAHEPQ010000009.1_80095657_84198031	98.684	42395	400	47	158	4102375	3207272	3249552	4102375	3688877	3731227	0.0	81923	73869	plus	HG00733#1#JAHEPQ010000009.1_80095657_84198031
HG00733#1#JAHEPQ010000009.1_80095657_84198031	HG00733#1#JAHEPQ010000009.1_80095657_84198031	98.620	42404	393	45	192	4102375	2010360	2052716	4102375	894887	852629	0.0	81850	73804	minus	HG00733#1#JAHEPQ010000009.1_80095657_84198031
HG00733#1#JAHEPQ010000009.1_80095657_84198031	HG00733#1#JAHEPQ010000009.1_80095657_84198031	98.620	42404	393	45	192	4102375	852629	894887	4102375	2052716	2010360	0.0	81850	73804	minus	HG00733#1#JAHEPQ010000009.1_80095657_84198031
HG00733#1#JAHEPQ010000009.1_80095657_84198031	HG00733#1#JAHEPQ010000009.1_80095657_84198031	98.601	42398	407	45	186	4102375	3688877	3731227	4102375	894887	852629	0.0	81792	73751	minus	HG00733#1#JAHEPQ010000009.1_80095657_84198031
HG00733#1#JAHEPQ010000009.1_80095657_84198031	HG00733#1#JAHEPQ010000009.1_80095657_84198031	98.601	42398	407	45	186	4102375	852629	894887	4102375	3731227	3688877	0.0	81792	73751	minus	HG00733#1#JAHEPQ010000009.1_80095657_84198031
HG00733#1#JAHEPQ010000009.1_80095657_84198031	HG00733#1#JAHEPQ010000009.1_80095657_84198031	99.471	36852	108	28	87	4102375	3560780	3597604	4102375	1882442	1919233	0.0	72676	65532	plus	HG00733#1#JAHEPQ010000009.1_80095657_84198031
HG00733#1#JAHEPQ010000009.1_80095657_84198031	HG00733#1#JAHEPQ010000009.1_80095657_84198031	99.471	36852	108	28	87	4102375	1882442	1919233	4102375	3560780	3597604	0.0	72676	65532	plus	HG00733#1#JAHEPQ010000009.1_80095657_84198031
HG00733#1#JAHEPQ010000009.1_80095657_84198031	HG00733#1#JAHEPQ010000009.1_80095657_84198031	99.277	36108	163	30	98	4102375	2386392	2422437	4102375	1674763	1710834	0.0	70859	63893	plus	HG00733#1#JAHEPQ010000009.1_80095657_84198031
HG00733#1#JAHEPQ010000009.1_80095657_84198031	HG00733#1#JAHEPQ010000009.1_80095657_84198031	97.899	29611	462	48	160	4102375	2738985	2768510	4102375	2256672	2286207	0.0	56032	50524	plus	HG00733#1#JAHEPQ010000009.1_80095657_84198031
HG00733#1#JAHEPQ010000009.1_80095657_84198031	HG00733#1#JAHEPQ010000009.1_80095657_84198031	97.899	29611	462	48	160	4102375	3221539	3251064	4102375	2256672	2286207	0.0	56032	50524	plus	HG00733#1#JAHEPQ010000009.1_80095657_84198031
HG00733#1#JAHEPQ010000009.1_80095657_84198031	HG00733#1#JAHEPQ010000009.1_80095657_84198031	97.899	29611	462	48	160	4102375	2256672	2286207	4102375	2738985	2768510	0.0	56032	50524	plus	HG00733#1#JAHEPQ010000009.1_80095657_84198031
HG00733#1#JAHEPQ010000009.1_80095657_84198031	HG00733#1#JAHEPQ010000009.1_80095657_84198031	97.899	29611	462	48	160	4102375	2256672	2286207	4102375	3221539	3251064	0.0	56032	50524	plus	HG00733#1#JAHEPQ010000009.1_80095657_84198031
HG00733#1#JAHEPQ010000009.1_80095657_84198031	HG00733#1#JAHEPQ010000009.1_80095657_84198031	97.903	29609	464	48	157	4102375	2738985	2768510	4102375	1545095	1574629	0.0	56030	50522	plus	HG00733#1#JAHEPQ010000009.1_80095657_84198031
HG00733#1#JAHEPQ010000009.1_80095657_84198031	HG00733#1#JAHEPQ010000009.1_80095657_84198031	97.903	29609	464	48	157	4102375	3221539	3251064	4102375	1545095	1574629	0.0	56030	50522	plus	HG00733#1#JAHEPQ010000009.1_80095657_84198031
HG00733#1#JAHEPQ010000009.1_80095657_84198031	HG00733#1#JAHEPQ010000009.1_80095657_84198031	97.903	29609	464	48	157	4102375	1545095	1574629	4102375	2738985	2768510	0.0	56030	50522	plus	HG00733#1#JAHEPQ010000009.1_80095657_84198031
HG00733#1#JAHEPQ010000009.1_80095657_84198031	HG00733#1#JAHEPQ010000009.1_80095657_84198031	97.903	29609	464	48	157	4102375	1545095	1574629	4102375	3221539	3251064	0.0	56030	50522	plus	HG00733#1#JAHEPQ010000009.1_80095657_84198031
HG00733#1#JAHEPQ010000009.1_80095657_84198031	HG00733#1#JAHEPQ010000009.1_80095657_84198031	97.846	29621	461	45	177	4102375	2256672	2286207	4102375	880623	851095	0.0	56004	50499	minus	HG00733#1#JAHEPQ010000009.1_80095657_84198031
HG00733#1#JAHEPQ010000009.1_80095657_84198031	HG00733#1#JAHEPQ010000009.1_80095657_84198031	97.846	29621	461	45	177	4102375	851095	880623	4102375	2286207	2256672	0.0	56004	50499	minus	HG00733#1#JAHEPQ010000009.1_80095657_84198031
HG00733#1#JAHEPQ010000009.1_80095657_84198031	HG00733#1#JAHEPQ010000009.1_80095657_84198031	97.849	29619	463	45	174	4102375	1545095	1574629	4102375	880623	851095	0.0	56002	50497	minus	HG00733#1#JAHEPQ010000009.1_80095657_84198031
HG00733#1#JAHEPQ010000009.1_80095657_84198031	HG00733#1#JAHEPQ010000009.1_80095657_84198031	97.849	29619	463	45	174	4102375	851095	880623	4102375	1574629	1545095	0.0	56002	50497	minus	HG00733#1#JAHEPQ010000009.1_80095657_84198031
HG00733#1#JAHEPQ010000009.1_80095657_84198031	HG00733#1#JAHEPQ010000009.1_80095657_84198031	97.743	29639	469	46	200	4102375	2256672	2286207	4102375	414994	385453	0.0	55903	50408	minus	HG00733#1#JAHEPQ010000009.1_80095657_84198031
HG00733#1#JAHEPQ010000009.1_80095657_84198031	HG00733#1#JAHEPQ010000009.1_80095657_84198031	97.743	29639	469	46	200	4102375	385453	414994	4102375	2286207	2256672	0.0	55903	50408	minus	HG00733#1#JAHEPQ010000009.1_80095657_84198031
HG00733#1#JAHEPQ010000009.1_80095657_84198031	HG00733#1#JAHEPQ010000009.1_80095657_84198031	97.746	29637	471	46	197	4102375	1545095	1574629	4102375	414994	385453	0.0	55901	50406	minus	HG00733#1#JAHEPQ010000009.1_80095657_84198031
HG00733#1#JAHEPQ010000009.1_80095657_84198031	HG00733#1#JAHEPQ010000009.1_80095657_84198031	97.746	29637	471	46	197	4102375	385453	414994	4102375	1574629	1545095	0.0	55901	50406	minus	HG00733#1#JAHEPQ010000009.1_80095657_84198031
HG00733#1#JAHEPQ010000009.1_80095657_84198031	HG00733#1#JAHEPQ010000009.1_80095657_84198031	97.747	28142	458	41	176	4102375	2256672	2284691	4102375	2024629	2052716	0.0	53085	47867	plus	HG00733#1#JAHEPQ010000009.1_80095657_84198031
HG00733#1#JAHEPQ010000009.1_80095657_84198031	HG00733#1#JAHEPQ010000009.1_80095657_84198031	97.747	28142	458	41	176	4102375	2024629	2052716	4102375	2256672	2284691	0.0	53085	47867	plus	HG00733#1#JAHEPQ010000009.1_80095657_84198031
HG00733#1#JAHEPQ010000009.1_80095657_84198031	HG00733#1#JAHEPQ010000009.1_80095657_84198031	97.751	28140	460	41	173	4102375	2024629	2052716	4102375	1545095	1573113	0.0	53083	47865	plus	HG00733#1#JAHEPQ010000009.1_80095657_84198031
HG00733#1#JAHEPQ010000009.1_80095657_84198031	HG00733#1#JAHEPQ010000009.1_80095657_84198031	97.751	28140	460	41	173	4102375	1545095	1573113	4102375	2024629	2052716	0.0	53083	47865	plus	HG00733#1#JAHEPQ010000009.1_80095657_84198031
HG00733#1#JAHEPQ010000009.1_80095657_84198031	HG00733#1#JAHEPQ010000009.1_80095657_84198031	97.669	28141	476	42	180	4102375	3703146	3731227	4102375	2256672	2284691	0.0	52972	47765	plus	HG00733#1#JAHEPQ010000009.1_80095657_84198031
HG00733#1#JAHEPQ010000009.1_80095657_84198031	HG00733#1#JAHEPQ010000009.1_80095657_84198031	97.669	28141	476	42	180	4102375	2256672	2284691	4102375	3703146	3731227	0.0	52972	47765	plus	HG00733#1#JAHEPQ010000009.1_80095657_84198031
HG00733#1#JAHEPQ010000009.1_80095657_84198031	HG00733#1#JAHEPQ010000009.1_80095657_84198031	97.672	28139	478	42	177	4102375	3703146	3731227	4102375	1545095	1573113	0.0	52970	47763	plus	HG00733#1#JAHEPQ010000009.1_80095657_84198031
HG00733#1#JAHEPQ010000009.1_80095657_84198031	HG00733#1#JAHEPQ010000009.1_80095657_84198031	97.672	28139	478	42	177	4102375	1545095	1573113	4102375	3703146	3731227	0.0	52970	47763	plus	HG00733#1#JAHEPQ010000009.1_80095657_84198031
HG00733#1#JAHEPQ010000009.1_80095657_84198031	HG00733#1#JAHEPQ010000009.1_80095657_84198031	98.822	26987	204	33	114	4102375	3906397	3933342	4102375	1515695	1542608	0.0	52333	47189	plus	HG00733#1#JAHEPQ010000009.1_80095657_84198031
HG00733#1#JAHEPQ010000009.1_80095657_84198031	HG00733#1#JAHEPQ010000009.1_80095657_84198031	98.822	26987	204	33	114	4102375	1515696	1542608	4102375	3906396	3933342	0.0	52333	47189	plus	HG00733#1#JAHEPQ010000009.1_80095657_84198031
HG00733#1#JAHEPQ010000009.1_80095657_84198031	HG00733#1#JAHEPQ010000009.1_80095657_84198031	99.256	23654	127	14	49	4102375	1986745	2010366	4102375	919514	895878	0.0	46407	41845	minus	HG00733#1#JAHEPQ010000009.1_80095657_84198031
HG00733#1#JAHEPQ010000009.1_80095657_84198031	HG00733#1#JAHEPQ010000009.1_80095657_84198031	99.256	23654	127	14	49	4102375	895878	919514	4102375	2010366	1986745	0.0	46407	41845	minus	HG00733#1#JAHEPQ010000009.1_80095657_84198031
HG00733#1#JAHEPQ010000009.1_80095657_84198031	HG00733#1#JAHEPQ010000009.1_80095657_84198031	99.150	23659	145	16	56	4102375	3665259	3688883	4102375	919514	895878	0.0	46289	41739	minus	HG00733#1#JAHEPQ010000009.1_80095657_84198031
HG00733#1#JAHEPQ010000009.1_80095657_84198031	HG00733#1#JAHEPQ010000009.1_80095657_84198031	99.150	23659	145	16	56	4102375	895878	919514	4102375	3688883	3665259	0.0	46289	41739	minus	HG00733#1#JAHEPQ010000009.1_80095657_84198031
HG00733#1#JAHEPQ010000009.1_80095657_84198031	HG00733#1#JAHEPQ010000009.1_80095657_84198031	98.801	17266	169	19	38	4102375	3933416	3950662	4102375	2254142	2271388	0.0	33440	30153	plus	HG00733#1#JAHEPQ010000009.1_80095657_84198031
HG00733#1#JAHEPQ010000009.1_80095657_84198031	HG00733#1#JAHEPQ010000009.1_80095657_84198031	98.801	17266	169	19	38	4102375	2254142	2271388	4102375	3933416	3950662	0.0	33440	30153	plus	HG00733#1#JAHEPQ010000009.1_80095657_84198031
HG00733#1#JAHEPQ010000009.1_80095657_84198031	HG00733#1#JAHEPQ010000009.1_80095657_84198031	98.795	17264	172	19	36	4102375	3933416	3950662	4102375	1542565	1559809	0.0	33429	30143	plus	HG00733#1#JAHEPQ010000009.1_80095657_84198031
HG00733#1#JAHEPQ010000009.1_80095657_84198031	HG00733#1#JAHEPQ010000009.1_80095657_84198031	98.795	17264	172	19	36	4102375	1542565	1559809	4102375	3933416	3950662	0.0	33429	30143	plus	HG00733#1#JAHEPQ010000009.1_80095657_84198031
HG00733#1#JAHEPQ010000009.1_80095657_84198031	HG00733#1#JAHEPQ010000009.1_80095657_84198031	98.567	15836	121	27	106	4102375	2906759	2922515	4102375	1710833	1726641	0.0	30508	27509	plus	HG00733#1#JAHEPQ010000009.1_80095657_84198031
HG00733#1#JAHEPQ010000009.1_80095657_84198031	HG00733#1#JAHEPQ010000009.1_80095657_84198031	98.567	15836	121	27	106	4102375	3389313	3405069	4102375	1710833	1726641	0.0	30508	27509	plus	HG00733#1#JAHEPQ010000009.1_80095657_84198031
HG00733#1#JAHEPQ010000009.1_80095657_84198031	HG00733#1#JAHEPQ010000009.1_80095657_84198031	98.567	15836	121	27	106	4102375	1710833	1726641	4102375	2906759	2922515	0.0	30508	27509	plus	HG00733#1#JAHEPQ010000009.1_80095657_84198031
HG00733#1#JAHEPQ010000009.1_80095657_84198031	HG00733#1#JAHEPQ010000009.1_80095657_84198031	98.567	15836	121	27	106	4102375	1710833	1726641	4102375	3389313	3405069	0.0	30508	27509	plus	HG00733#1#JAHEPQ010000009.1_80095657_84198031
HG00733#1#JAHEPQ010000009.1_80095657_84198031	HG00733#1#JAHEPQ010000009.1_80095657_84198031	98.528	15832	124	26	109	4102375	1710833	1726641	4102375	712861	697116	0.0	30478	27482	minus	HG00733#1#JAHEPQ010000009.1_80095657_84198031
HG00733#1#JAHEPQ010000009.1_80095657_84198031	HG00733#1#JAHEPQ010000009.1_80095657_84198031	98.528	15832	124	26	109	4102375	697116	712861	4102375	1726641	1710833	0.0	30478	27482	minus	HG00733#1#JAHEPQ010000009.1_80095657_84198031
HG00733#1#JAHEPQ010000009.1_80095657_84198031	HG00733#1#JAHEPQ010000009.1_80095657_84198031	97.825	14761	249	24	72	4102375	865891	880623	4102375	3950662	3935946	0.0	27869	25130	minus	HG00733#1#JAHEPQ010000009.1_80095657_84198031
HG00733#1#JAHEPQ010000009.1_80095657_84198031	HG00733#1#JAHEPQ010000009.1_80095657_84198031	97.825	14761	249	25	72	4102375	3935946	3950662	4102375	880623	865891	0.0	27864	25125	minus	HG00733#1#JAHEPQ010000009.1_80095657_84198031
HG00733#1#JAHEPQ010000009.1_80095657_84198031	HG00733#1#JAHEPQ010000009.1_80095657_84198031	97.650	14764	266	22	81	4102375	2738985	2753714	4102375	3935946	3950662	0.0	27764	25035	plus	HG00733#1#JAHEPQ010000009.1_80095657_84198031
HG00733#1#JAHEPQ010000009.1_80095657_84198031	HG00733#1#JAHEPQ010000009.1_80095657_84198031	97.650	14764	266	22	81	4102375	3221539	3236268	4102375	3935946	3950662	0.0	27764	25035	plus	HG00733#1#JAHEPQ010000009.1_80095657_84198031
HG00733#1#JAHEPQ010000009.1_80095657_84198031	HG00733#1#JAHEPQ010000009.1_80095657_84198031	97.650	14764	266	23	81	4102375	3935946	3950662	4102375	2738985	2753714	0.0	27759	25031	plus	HG00733#1#JAHEPQ010000009.1_80095657_84198031
HG00733#1#JAHEPQ010000009.1_80095657_84198031	HG00733#1#JAHEPQ010000009.1_80095657_84198031	97.650	14764	266	23	81	4102375	3935946	3950662	4102375	3221539	3236268	0.0	27759	25031	plus	HG00733#1#JAHEPQ010000009.1_80095657_84198031
HG00733#1#JAHEPQ010000009.1_80095657_84198031	HG00733#1#JAHEPQ010000009.1_80095657_84198031	97.557	14776	260	25	101	4102375	3935946	3950662	4102375	414994	400261	0.0	27723	24998	minus	HG00733#1#JAHEPQ010000009.1_80095657_84198031
HG00733#1#JAHEPQ010000009.1_80095657_84198031	HG00733#1#JAHEPQ010000009.1_80095657_84198031	97.557	14776	260	25	101	4102375	400261	414994	4102375	3950662	3935946	0.0	27723	24998	minus	HG00733#1#JAHEPQ010000009.1_80095657_84198031
HG00733#1#JAHEPQ010000009.1_80095657_84198031	HG00733#1#JAHEPQ010000009.1_80095657_84198031	97.452	14796	265	25	112	4102375	2024629	2039391	4102375	3935946	3950662	0.0	27694	24972	plus	HG00733#1#JAHEPQ010000009.1_80095657_84198031
HG00733#1#JAHEPQ010000009.1_80095657_84198031	HG00733#1#JAHEPQ010000009.1_80095657_84198031	97.452	14796	265	25	112	4102375	3935946	3950662	4102375	2024629	2039391	0.0	27689	24968	plus	HG00733#1#JAHEPQ010000009.1_80095657_84198031
HG00733#1#JAHEPQ010000009.1_80095657_84198031	HG00733#1#JAHEPQ010000009.1_80095657_84198031	97.390	14792	270	28	116	4102375	3703146	3717896	4102375	3935946	3950662	0.0	27630	24914	plus	HG00733#1#JAHEPQ010000009.1_80095657_84198031
HG00733#1#JAHEPQ010000009.1_80095657_84198031	HG00733#1#JAHEPQ010000009.1_80095657_84198031	97.384	14792	271	29	116	4102375	3935946	3950662	4102375	3703146	3717896	0.0	27620	24905	plus	HG00733#1#JAHEPQ010000009.1_80095657_84198031
HG00733#1#JAHEPQ010000009.1_80095657_84198031	HG00733#1#JAHEPQ010000009.1_80095657_84198031	98.374	11190	109	10	73	4102375	3853352	3864500	4102375	2256673	2245516	0.0	21493	19381	minus	HG00733#1#JAHEPQ010000009.1_80095657_84198031
HG00733#1#JAHEPQ010000009.1_80095657_84198031	HG00733#1#JAHEPQ010000009.1_80095657_84198031	98.374	11190	109	10	73	4102375	2245516	2256673	4102375	3864500	3853352	0.0	21493	19381	minus	HG00733#1#JAHEPQ010000009.1_80095657_84198031
HG00733#1#JAHEPQ010000009.1_80095657_84198031	HG00733#1#JAHEPQ010000009.1_80095657_84198031	98.356	11190	111	10	73	4102375	3853352	3864500	4102375	1545096	1533939	0.0	21483	19372	minus	HG00733#1#JAHEPQ010000009.1_80095657_84198031
HG00733#1#JAHEPQ010000009.1_80095657_84198031	HG00733#1#JAHEPQ010000009.1_80095657_84198031	98.356	11190	111	10	73	4102375	1533939	1545096	4102375	3864500	3853352	0.0	21483	19372	minus	HG00733#1#JAHEPQ010000009.1_80095657_84198031
HG00733#1#JAHEPQ010000009.1_80095657_84198031	HG00733#1#JAHEPQ010000009.1_80095657_84198031	98.206	11207	127	13	74	4102375	2245516	2256673	4102375	2185431	2174250	0.0	21418	19313	minus	HG00733#1#JAHEPQ010000009.1_80095657_84198031
HG00733#1#JAHEPQ010000009.1_80095657_84198031	HG00733#1#JAHEPQ010000009.1_80095657_84198031	98.206	11207	127	13	74	4102375	2174250	2185431	4102375	2256673	2245516	0.0	21418	19313	minus	HG00733#1#JAHEPQ010000009.1_80095657_84198031
HG00733#1#JAHEPQ010000009.1_80095657_84198031	HG00733#1#JAHEPQ010000009.1_80095657_84198031	98.189	11207	129	13	74	4102375	2174250	2185431	4102375	1545096	1533939	0.0	21408	19304	minus	HG00733#1#JAHEPQ010000009.1_80095657_84198031
HG00733#1#JAHEPQ010000009.1_80095657_84198031	HG00733#1#JAHEPQ010000009.1_80095657_84198031	98.189	11207	129	13	74	4102375	1533939	1545096	4102375	2185431	2174250	0.0	21408	19304	minus	HG00733#1#JAHEPQ010000009.1_80095657_84198031
HG00733#1#JAHEPQ010000009.1_80095657_84198031	HG00733#1#JAHEPQ010000009.1_80095657_84198031	98.221	11020	129	15	67	4102375	2297283	2308279	4102375	374061	363086	0.0	21052	18983	minus	HG00733#1#JAHEPQ010000009.1_80095657_84198031
HG00733#1#JAHEPQ010000009.1_80095657_84198031	HG00733#1#JAHEPQ010000009.1_80095657_84198031	98.221	11020	129	15	67	4102375	1585705	1596701	4102375	374061	363086	0.0	21052	18983	minus	HG00733#1#JAHEPQ010000009.1_80095657_84198031
HG00733#1#JAHEPQ010000009.1_80095657_84198031	HG00733#1#JAHEPQ010000009.1_80095657_84198031	98.221	11020	129	15	67	4102375	363086	374061	4102375	1596701	1585705	0.0	21052	18983	minus	HG00733#1#JAHEPQ010000009.1_80095657_84198031
HG00733#1#JAHEPQ010000009.1_80095657_84198031	HG00733#1#JAHEPQ010000009.1_80095657_84198031	98.221	11020	129	15	67	4102375	363086	374061	4102375	2308279	2297283	0.0	21052	18983	minus	HG00733#1#JAHEPQ010000009.1_80095657_84198031
HG00733#1#JAHEPQ010000009.1_80095657_84198031	HG00733#1#JAHEPQ010000009.1_80095657_84198031	98.187	11030	128	19	72	4102375	1574721	1585709	4102375	385458	374460	0.0	21037	18970	minus	HG00733#1#JAHEPQ010000009.1_80095657_84198031
HG00733#1#JAHEPQ010000009.1_80095657_84198031	HG00733#1#JAHEPQ010000009.1_80095657_84198031	98.187	11030	128	19	72	4102375	374460	385458	4102375	1585709	1574721	0.0	21037	18970	minus	HG00733#1#JAHEPQ010000009.1_80095657_84198031
HG00733#1#JAHEPQ010000009.1_80095657_84198031	HG00733#1#JAHEPQ010000009.1_80095657_84198031	98.169	11030	130	19	72	4102375	2286299	2297287	4102375	385458	374460	0.0	21027	18961	minus	HG00733#1#JAHEPQ010000009.1_80095657_84198031
HG00733#1#JAHEPQ010000009.1_80095657_84198031	HG00733#1#JAHEPQ010000009.1_80095657_84198031	98.169	11030	130	19	72	4102375	374460	385458	4102375	2297287	2286299	0.0	21027	18961	minus	HG00733#1#JAHEPQ010000009.1_80095657_84198031
HG00733#1#JAHEPQ010000009.1_80095657_84198031	HG00733#1#JAHEPQ010000009.1_80095657_84198031	98.036	11048	126	20	91	4102375	2768505	2779520	4102375	1574721	1585709	0.0	21002	18938	plus	HG00733#1#JAHEPQ010000009.1_80095657_84198031
HG00733#1#JAHEPQ010000009.1_80095657_84198031	HG00733#1#JAHEPQ010000009.1_80095657_84198031	98.036	11048	126	20	91	4102375	3251059	3262074	4102375	1574721	1585709	0.0	21002	18938	plus	HG00733#1#JAHEPQ010000009.1_80095657_84198031
HG00733#1#JAHEPQ010000009.1_80095657_84198031	HG00733#1#JAHEPQ010000009.1_80095657_84198031	98.036	11048	126	20	91	4102375	1574721	1585709	4102375	2768505	2779520	0.0	21002	18938	plus	HG00733#1#JAHEPQ010000009.1_80095657_84198031
HG00733#1#JAHEPQ010000009.1_80095657_84198031	HG00733#1#JAHEPQ010000009.1_80095657_84198031	98.036	11048	126	20	91	4102375	1574721	1585709	4102375	3251059	3262074	0.0	21002	18938	plus	HG00733#1#JAHEPQ010000009.1_80095657_84198031
HG00733#1#JAHEPQ010000009.1_80095657_84198031	HG00733#1#JAHEPQ010000009.1_80095657_84198031	98.071	11042	129	21	84	4102375	1574721	1585709	4102375	851100	840090	0.0	20998	18934	minus	HG00733#1#JAHEPQ010000009.1_80095657_84198031
HG00733#1#JAHEPQ010000009.1_80095657_84198031	HG00733#1#JAHEPQ010000009.1_80095657_84198031	98.071	11042	129	21	84	4102375	840090	851100	4102375	1585709	1574721	0.0	20998	18934	minus	HG00733#1#JAHEPQ010000009.1_80095657_84198031
HG00733#1#JAHEPQ010000009.1_80095657_84198031	HG00733#1#JAHEPQ010000009.1_80095657_84198031	98.018	11048	128	20	91	4102375	2768505	2779520	4102375	2286299	2297287	0.0	20992	18929	plus	HG00733#1#JAHEPQ010000009.1_80095657_84198031
HG00733#1#JAHEPQ010000009.1_80095657_84198031	HG00733#1#JAHEPQ010000009.1_80095657_84198031	98.018	11048	128	20	91	4102375	3251059	3262074	4102375	2286299	2297287	0.0	20992	18929	plus	HG00733#1#JAHEPQ010000009.1_80095657_84198031
HG00733#1#JAHEPQ010000009.1_80095657_84198031	HG00733#1#JAHEPQ010000009.1_80095657_84198031	98.018	11048	128	20	91	4102375	2286299	2297287	4102375	2768505	2779520	0.0	20992	18929	plus	HG00733#1#JAHEPQ010000009.1_80095657_84198031
HG00733#1#JAHEPQ010000009.1_80095657_84198031	HG00733#1#JAHEPQ010000009.1_80095657_84198031	98.018	11048	128	20	91	4102375	2286299	2297287	4102375	3251059	3262074	0.0	20992	18929	plus	HG00733#1#JAHEPQ010000009.1_80095657_84198031
HG00733#1#JAHEPQ010000009.1_80095657_84198031	HG00733#1#JAHEPQ010000009.1_80095657_84198031	98.053	11042	131	21	84	4102375	2286299	2297287	4102375	851100	840090	0.0	20988	18925	minus	HG00733#1#JAHEPQ010000009.1_80095657_84198031
HG00733#1#JAHEPQ010000009.1_80095657_84198031	HG00733#1#JAHEPQ010000009.1_80095657_84198031	98.053	11042	131	21	84	4102375	840090	851100	4102375	2297287	2286299	0.0	20988	18925	minus	HG00733#1#JAHEPQ010000009.1_80095657_84198031
HG00733#1#JAHEPQ010000009.1_80095657_84198031	HG00733#1#JAHEPQ010000009.1_80095657_84198031	99.455	10096	39	9	16	4102375	2972243	2982331	4102375	2489779	2499865	0.0	19888	17933	plus	HG00733#1#JAHEPQ010000009.1_80095657_84198031
HG00733#1#JAHEPQ010000009.1_80095657_84198031	HG00733#1#JAHEPQ010000009.1_80095657_84198031	99.455	10096	39	9	16	4102375	3454797	3464885	4102375	2489779	2499865	0.0	19888	17933	plus	HG00733#1#JAHEPQ010000009.1_80095657_84198031
HG00733#1#JAHEPQ010000009.1_80095657_84198031	HG00733#1#JAHEPQ010000009.1_80095657_84198031	99.455	10096	39	9	16	4102375	2489779	2499865	4102375	2972243	2982331	0.0	19888	17933	plus	HG00733#1#JAHEPQ010000009.1_80095657_84198031
HG00733#1#JAHEPQ010000009.1_80095657_84198031	HG00733#1#JAHEPQ010000009.1_80095657_84198031	99.455	10096	39	9	16	4102375	2489779	2499865	4102375	3454797	3464885	0.0	19888	17933	plus	HG00733#1#JAHEPQ010000009.1_80095657_84198031
HG00733#1#JAHEPQ010000009.1_80095657_84198031	HG00733#1#JAHEPQ010000009.1_80095657_84198031	98.346	10155	105	18	63	4102375	3950973	3961083	4102375	1559793	1569928	0.0	19443	17532	plus	HG00733#1#JAHEPQ010000009.1_80095657_84198031
HG00733#1#JAHEPQ010000009.1_80095657_84198031	HG00733#1#JAHEPQ010000009.1_80095657_84198031	98.346	10155	105	18	63	4102375	1559793	1569928	4102375	3950973	3961083	0.0	19443	17532	plus	HG00733#1#JAHEPQ010000009.1_80095657_84198031
HG00733#1#JAHEPQ010000009.1_80095657_84198031	HG00733#1#JAHEPQ010000009.1_80095657_84198031	98.336	10155	105	18	64	4102375	3950973	3961083	4102375	2271372	2281506	0.0	19439	17529	plus	HG00733#1#JAHEPQ010000009.1_80095657_84198031
HG00733#1#JAHEPQ010000009.1_80095657_84198031	HG00733#1#JAHEPQ010000009.1_80095657_84198031	98.336	10155	105	18	64	4102375	2271372	2281506	4102375	3950973	3961083	0.0	19439	17529	plus	HG00733#1#JAHEPQ010000009.1_80095657_84198031
HG00733#1#JAHEPQ010000009.1_80095657_84198031	HG00733#1#JAHEPQ010000009.1_80095657_84198031	97.612	10176	166	20	77	4102375	3950973	3961083	4102375	2039375	2049538	0.0	19114	17236	plus	HG00733#1#JAHEPQ010000009.1_80095657_84198031
HG00733#1#JAHEPQ010000009.1_80095657_84198031	HG00733#1#JAHEPQ010000009.1_80095657_84198031	97.612	10176	166	20	77	4102375	2039375	2049538	4102375	3950973	3961083	0.0	19114	17236	plus	HG00733#1#JAHEPQ010000009.1_80095657_84198031
HG00733#1#JAHEPQ010000009.1_80095657_84198031	HG00733#1#JAHEPQ010000009.1_80095657_84198031	97.621	10173	166	20	76	4102375	3950973	3961083	4102375	3717880	3728038	0.0	19112	17234	plus	HG00733#1#JAHEPQ010000009.1_80095657_84198031
HG00733#1#JAHEPQ010000009.1_80095657_84198031	HG00733#1#JAHEPQ010000009.1_80095657_84198031	97.621	10173	166	20	76	4102375	3717880	3728038	4102375	3950973	3961083	0.0	19112	17234	plus	HG00733#1#JAHEPQ010000009.1_80095657_84198031
HG00733#1#JAHEPQ010000009.1_80095657_84198031	HG00733#1#JAHEPQ010000009.1_80095657_84198031	97.434	10170	174	27	87	4102375	3950973	3961083	4102375	2753698	2763839	0.0	18987	17121	plus	HG00733#1#JAHEPQ010000009.1_80095657_84198031
HG00733#1#JAHEPQ010000009.1_80095657_84198031	HG00733#1#JAHEPQ010000009.1_80095657_84198031	97.434	10170	174	27	87	4102375	3950973	3961083	4102375	3236252	3246393	0.0	18987	17121	plus	HG00733#1#JAHEPQ010000009.1_80095657_84198031
HG00733#1#JAHEPQ010000009.1_80095657_84198031	HG00733#1#JAHEPQ010000009.1_80095657_84198031	97.434	10170	174	27	87	4102375	2753698	2763839	4102375	3950973	3961083	0.0	18987	17121	plus	HG00733#1#JAHEPQ010000009.1_80095657_84198031
HG00733#1#JAHEPQ010000009.1_80095657_84198031	HG00733#1#JAHEPQ010000009.1_80095657_84198031	97.434	10170	174	27	87	4102375	3236252	3246393	4102375	3950973	3961083	0.0	18987	17121	plus	HG00733#1#JAHEPQ010000009.1_80095657_84198031
HG00733#1#JAHEPQ010000009.1_80095657_84198031	HG00733#1#JAHEPQ010000009.1_80095657_84198031	97.343	10160	177	25	93	4102375	3950973	3961083	4102375	865907	855792	0.0	18938	17077	minus	HG00733#1#JAHEPQ010000009.1_80095657_84198031
HG00733#1#JAHEPQ010000009.1_80095657_84198031	HG00733#1#JAHEPQ010000009.1_80095657_84198031	97.343	10160	177	25	93	4102375	855792	865907	4102375	3961083	3950973	0.0	18938	17077	minus	HG00733#1#JAHEPQ010000009.1_80095657_84198031
HG00733#1#JAHEPQ010000009.1_80095657_84198031	HG00733#1#JAHEPQ010000009.1_80095657_84198031	97.286	10169	172	28	104	4102375	3950973	3961083	4102375	400277	390155	0.0	18922	17062	minus	HG00733#1#JAHEPQ010000009.1_80095657_84198031
HG00733#1#JAHEPQ010000009.1_80095657_84198031	HG00733#1#JAHEPQ010000009.1_80095657_84198031	97.286	10169	172	28	104	4102375	390155	400277	4102375	3961083	3950973	0.0	18922	17062	minus	HG00733#1#JAHEPQ010000009.1_80095657_84198031
HG00733#1#JAHEPQ010000009.1_80095657_84198031	HG00733#1#JAHEPQ010000009.1_80095657_84198031	91.111	11047	720	58	262	4102375	3968062	3978901	4102375	3793183	3804174	0.0	17156	15470	plus	HG00733#1#JAHEPQ010000009.1_80095657_84198031
HG00733#1#JAHEPQ010000009.1_80095657_84198031	HG00733#1#JAHEPQ010000009.1_80095657_84198031	91.111	11047	720	58	262	4102375	3793183	3804174	4102375	3968062	3978901	0.0	17156	15470	plus	HG00733#1#JAHEPQ010000009.1_80095657_84198031
HG00733#1#JAHEPQ010000009.1_80095657_84198031	HG00733#1#JAHEPQ010000009.1_80095657_84198031	99.096	8740	27	8	52	4102375	3924643	3933359	4102375	2185431	2176721	0.0	17097	15417	minus	HG00733#1#JAHEPQ010000009.1_80095657_84198031
HG00733#1#JAHEPQ010000009.1_80095657_84198031	HG00733#1#JAHEPQ010000009.1_80095657_84198031	99.096	8740	27	8	52	4102375	2176721	2185431	4102375	3933359	3924643	0.0	17097	15417	minus	HG00733#1#JAHEPQ010000009.1_80095657_84198031
HG00733#1#JAHEPQ010000009.1_80095657_84198031	HG00733#1#JAHEPQ010000009.1_80095657_84198031	90.897	11040	707	63	298	4102375	3968062	3978901	4102375	2114569	2125510	0.0	17038	15364	plus	HG00733#1#JAHEPQ010000009.1_80095657_84198031
HG00733#1#JAHEPQ010000009.1_80095657_84198031	HG00733#1#JAHEPQ010000009.1_80095657_84198031	90.897	11040	707	63	298	4102375	2114569	2125510	4102375	3968062	3978901	0.0	17038	15364	plus	HG00733#1#JAHEPQ010000009.1_80095657_84198031
HG00733#1#JAHEPQ010000009.1_80095657_84198031	HG00733#1#JAHEPQ010000009.1_80095657_84198031	98.888	8723	28	7	69	4102375	3924643	3933344	4102375	3864500	3855826	0.0	16995	15325	minus	HG00733#1#JAHEPQ010000009.1_80095657_84198031
HG00733#1#JAHEPQ010000009.1_80095657_84198031	HG00733#1#JAHEPQ010000009.1_80095657_84198031	98.888	8723	28	7	69	4102375	3855826	3864500	4102375	3933344	3924643	0.0	16995	15325	minus	HG00733#1#JAHEPQ010000009.1_80095657_84198031
HG00733#1#JAHEPQ010000009.1_80095657_84198031	HG00733#1#JAHEPQ010000009.1_80095657_84198031	99.244	6351	42	2	6	4102375	1508175	1514525	4102375	247759	241415	0.0	12458	11234	minus	HG00733#1#JAHEPQ010000009.1_80095657_84198031
HG00733#1#JAHEPQ010000009.1_80095657_84198031	HG00733#1#JAHEPQ010000009.1_80095657_84198031	99.244	6351	42	2	6	4102375	241415	247759	4102375	1514525	1508175	0.0	12458	11234	minus	HG00733#1#JAHEPQ010000009.1_80095657_84198031
HG00733#1#JAHEPQ010000009.1_80095657_84198031	HG00733#1#JAHEPQ010000009.1_80095657_84198031	91.410	6042	381	37	138	4102375	3747082	3753064	4102375	2145071	2139109	0.0	9442	8514	minus	HG00733#1#JAHEPQ010000009.1_80095657_84198031
HG00733#1#JAHEPQ010000009.1_80095657_84198031	HG00733#1#JAHEPQ010000009.1_80095657_84198031	91.410	6042	381	37	138	4102375	2139109	2145071	4102375	3753064	3747082	0.0	9442	8514	minus	HG00733#1#JAHEPQ010000009.1_80095657_84198031
HG00733#1#JAHEPQ010000009.1_80095657_84198031	HG00733#1#JAHEPQ010000009.1_80095657_84198031	91.420	6037	383	37	135	4102375	3817773	3823728	4102375	3753064	3747082	0.0	9434	8507	minus	HG00733#1#JAHEPQ010000009.1_80095657_84198031
HG00733#1#JAHEPQ010000009.1_80095657_84198031	HG00733#1#JAHEPQ010000009.1_80095657_84198031	91.420	6037	383	37	135	4102375	3747082	3753064	4102375	3823728	3817773	0.0	9434	8507	minus	HG00733#1#JAHEPQ010000009.1_80095657_84198031
HG00733#1#JAHEPQ010000009.1_80095657_84198031	HG00733#1#JAHEPQ010000009.1_80095657_84198031	91.319	6036	387	37	137	4102375	3817773	3823728	4102375	2074549	2068571	0.0	9404	8480	minus	HG00733#1#JAHEPQ010000009.1_80095657_84198031
HG00733#1#JAHEPQ010000009.1_80095657_84198031	HG00733#1#JAHEPQ010000009.1_80095657_84198031	91.319	6036	387	37	137	4102375	2068571	2074549	4102375	3823728	3817773	0.0	9404	8480	minus	HG00733#1#JAHEPQ010000009.1_80095657_84198031
HG00733#1#JAHEPQ010000009.1_80095657_84198031	HG00733#1#JAHEPQ010000009.1_80095657_84198031	91.178	6042	391	38	142	4102375	2139109	2145071	4102375	2074549	2068571	0.0	9371	8450	minus	HG00733#1#JAHEPQ010000009.1_80095657_84198031
HG00733#1#JAHEPQ010000009.1_80095657_84198031	HG00733#1#JAHEPQ010000009.1_80095657_84198031	91.178	6042	391	38	142	4102375	2068571	2074549	4102375	2145071	2139109	0.0	9371	8450	minus	HG00733#1#JAHEPQ010000009.1_80095657_84198031
HG00733#1#JAHEPQ010000009.1_80095657_84198031	HG00733#1#JAHEPQ010000009.1_80095657_84198031	99.257	4578	21	4	13	4102375	917058	921631	4102375	434196	438764	0.0	8979	8097	plus	HG00733#1#JAHEPQ010000009.1_80095657_84198031
HG00733#1#JAHEPQ010000009.1_80095657_84198031	HG00733#1#JAHEPQ010000009.1_80095657_84198031	99.257	4578	21	4	13	4102375	434196	438764	4102375	917058	921631	0.0	8979	8097	plus	HG00733#1#JAHEPQ010000009.1_80095657_84198031
HG00733#1#JAHEPQ010000009.1_80095657_84198031	HG00733#1#JAHEPQ010000009.1_80095657_84198031	99.108	4594	38	3	3	4102375	3202678	3207270	4102375	434194	429603	0.0	8971	8090	minus	HG00733#1#JAHEPQ010000009.1_80095657_84198031
HG00733#1#JAHEPQ010000009.1_80095657_84198031	HG00733#1#JAHEPQ010000009.1_80095657_84198031	99.108	4594	38	3	3	4102375	2720124	2724716	4102375	434194	429603	0.0	8971	8090	minus	HG00733#1#JAHEPQ010000009.1_80095657_84198031
HG00733#1#JAHEPQ010000009.1_80095657_84198031	HG00733#1#JAHEPQ010000009.1_80095657_84198031	99.108	4594	38	3	3	4102375	429603	434194	4102375	2724716	2720124	0.0	8971	8090	minus	HG00733#1#JAHEPQ010000009.1_80095657_84198031
HG00733#1#JAHEPQ010000009.1_80095657_84198031	HG00733#1#JAHEPQ010000009.1_80095657_84198031	99.108	4594	38	3	3	4102375	429603	434194	4102375	3207270	3202678	0.0	8971	8090	minus	HG00733#1#JAHEPQ010000009.1_80095657_84198031
HG00733#1#JAHEPQ010000009.1_80095657_84198031	HG00733#1#JAHEPQ010000009.1_80095657_84198031	99.020	4593	43	2	2	4102375	894889	899480	4102375	429603	434194	0.0	8953	8074	plus	HG00733#1#JAHEPQ010000009.1_80095657_84198031
HG00733#1#JAHEPQ010000009.1_80095657_84198031	HG00733#1#JAHEPQ010000009.1_80095657_84198031	99.020	4593	43	2	2	4102375	429603	434194	4102375	894889	899480	0.0	8953	8074	plus	HG00733#1#JAHEPQ010000009.1_80095657_84198031
HG00733#1#JAHEPQ010000009.1_80095657_84198031	HG00733#1#JAHEPQ010000009.1_80095657_84198031	94.944	4885	169	16	78	4102375	1679037	1683869	4102375	1525178	1530036	0.0	8533	7695	plus	HG00733#1#JAHEPQ010000009.1_80095657_84198031
HG00733#1#JAHEPQ010000009.1_80095657_84198031	HG00733#1#JAHEPQ010000009.1_80095657_84198031	94.944	4885	169	16	78	4102375	1525178	1530036	4102375	1679037	1683869	0.0	8533	7695	plus	HG00733#1#JAHEPQ010000009.1_80095657_84198031
HG00733#1#JAHEPQ010000009.1_80095657_84198031	HG00733#1#JAHEPQ010000009.1_80095657_84198031	94.944	4885	169	16	78	4102375	2236755	2241613	4102375	1679037	1683869	0.0	8533	7695	plus	HG00733#1#JAHEPQ010000009.1_80095657_84198031
HG00733#1#JAHEPQ010000009.1_80095657_84198031	HG00733#1#JAHEPQ010000009.1_80095657_84198031	94.944	4885	169	16	78	4102375	1679037	1683869	4102375	2236755	2241613	0.0	8533	7695	plus	HG00733#1#JAHEPQ010000009.1_80095657_84198031
HG00733#1#JAHEPQ010000009.1_80095657_84198031	HG00733#1#JAHEPQ010000009.1_80095657_84198031	87.994	6180	571	59	171	4102375	3801398	3807514	4102375	2086773	2080702	0.0	8526	7689	minus	HG00733#1#JAHEPQ010000009.1_80095657_84198031
HG00733#1#JAHEPQ010000009.1_80095657_84198031	HG00733#1#JAHEPQ010000009.1_80095657_84198031	87.955	6185	564	60	181	4102375	2080702	2086773	4102375	3807514	3801398	0.0	8526	7689	minus	HG00733#1#JAHEPQ010000009.1_80095657_84198031
HG00733#1#JAHEPQ010000009.1_80095657_84198031	HG00733#1#JAHEPQ010000009.1_80095657_84198031	94.862	4885	169	17	82	4102375	3915886	3920740	4102375	1679037	1683869	0.0	8512	7676	plus	HG00733#1#JAHEPQ010000009.1_80095657_84198031
HG00733#1#JAHEPQ010000009.1_80095657_84198031	HG00733#1#JAHEPQ010000009.1_80095657_84198031	94.862	4885	169	17	82	4102375	1679037	1683869	4102375	3915886	3920740	0.0	8512	7676	plus	HG00733#1#JAHEPQ010000009.1_80095657_84198031
HG00733#1#JAHEPQ010000009.1_80095657_84198031	HG00733#1#JAHEPQ010000009.1_80095657_84198031	87.945	6180	572	61	173	4102375	3801398	3807514	4102375	3765284	3759215	0.0	8503	7668	minus	HG00733#1#JAHEPQ010000009.1_80095657_84198031
HG00733#1#JAHEPQ010000009.1_80095657_84198031	HG00733#1#JAHEPQ010000009.1_80095657_84198031	87.906	6185	565	62	183	4102375	3759215	3765284	4102375	3807514	3801398	0.0	8503	7668	minus	HG00733#1#JAHEPQ010000009.1_80095657_84198031
HG00733#1#JAHEPQ010000009.1_80095657_84198031	HG00733#1#JAHEPQ010000009.1_80095657_84198031	94.821	4885	174	17	79	4102375	2236755	2241613	4102375	746322	741491	0.0	8499	7664	minus	HG00733#1#JAHEPQ010000009.1_80095657_84198031
HG00733#1#JAHEPQ010000009.1_80095657_84198031	HG00733#1#JAHEPQ010000009.1_80095657_84198031	94.821	4885	174	17	79	4102375	1525178	1530036	4102375	746322	741491	0.0	8499	7664	minus	HG00733#1#JAHEPQ010000009.1_80095657_84198031
HG00733#1#JAHEPQ010000009.1_80095657_84198031	HG00733#1#JAHEPQ010000009.1_80095657_84198031	94.821	4885	174	17	79	4102375	741491	746322	4102375	1530036	1525178	0.0	8499	7664	minus	HG00733#1#JAHEPQ010000009.1_80095657_84198031
HG00733#1#JAHEPQ010000009.1_80095657_84198031	HG00733#1#JAHEPQ010000009.1_80095657_84198031	94.821	4885	174	17	79	4102375	741491	746322	4102375	2241613	2236755	0.0	8499	7664	minus	HG00733#1#JAHEPQ010000009.1_80095657_84198031
HG00733#1#JAHEPQ010000009.1_80095657_84198031	HG00733#1#JAHEPQ010000009.1_80095657_84198031	87.880	6180	578	59	171	4102375	2122734	2128850	4102375	2086773	2080702	0.0	8491	7657	minus	HG00733#1#JAHEPQ010000009.1_80095657_84198031
HG00733#1#JAHEPQ010000009.1_80095657_84198031	HG00733#1#JAHEPQ010000009.1_80095657_84198031	87.842	6185	571	60	181	4102375	2080702	2086773	4102375	2128850	2122734	0.0	8491	7657	minus	HG00733#1#JAHEPQ010000009.1_80095657_84198031
HG00733#1#JAHEPQ010000009.1_80095657_84198031	HG00733#1#JAHEPQ010000009.1_80095657_84198031	94.739	4885	174	18	83	4102375	3915886	3920740	4102375	746322	741491	0.0	8478	7645	minus	HG00733#1#JAHEPQ010000009.1_80095657_84198031
HG00733#1#JAHEPQ010000009.1_80095657_84198031	HG00733#1#JAHEPQ010000009.1_80095657_84198031	94.739	4885	174	18	83	4102375	741491	746322	4102375	3920740	3915886	0.0	8478	7645	minus	HG00733#1#JAHEPQ010000009.1_80095657_84198031
HG00733#1#JAHEPQ010000009.1_80095657_84198031	HG00733#1#JAHEPQ010000009.1_80095657_84198031	87.793	6185	572	62	183	4102375	3759215	3765284	4102375	2128850	2122734	0.0	8468	7636	minus	HG00733#1#JAHEPQ010000009.1_80095657_84198031
HG00733#1#JAHEPQ010000009.1_80095657_84198031	HG00733#1#JAHEPQ010000009.1_80095657_84198031	87.832	6180	579	61	173	4102375	2122734	2128850	4102375	3765284	3759215	0.0	8468	7636	minus	HG00733#1#JAHEPQ010000009.1_80095657_84198031
HG00733#1#JAHEPQ010000009.1_80095657_84198031	HG00733#1#JAHEPQ010000009.1_80095657_84198031	94.534	4885	174	18	93	4102375	2390649	2395466	4102375	1525178	1530036	0.0	8438	7609	plus	HG00733#1#JAHEPQ010000009.1_80095657_84198031
HG00733#1#JAHEPQ010000009.1_80095657_84198031	HG00733#1#JAHEPQ010000009.1_80095657_84198031	94.534	4885	174	18	93	4102375	2390649	2395466	4102375	2236755	2241613	0.0	8438	7609	plus	HG00733#1#JAHEPQ010000009.1_80095657_84198031
HG00733#1#JAHEPQ010000009.1_80095657_84198031	HG00733#1#JAHEPQ010000009.1_80095657_84198031	94.534	4885	174	18	93	4102375	1525178	1530036	4102375	2390649	2395466	0.0	8438	7609	plus	HG00733#1#JAHEPQ010000009.1_80095657_84198031
HG00733#1#JAHEPQ010000009.1_80095657_84198031	HG00733#1#JAHEPQ010000009.1_80095657_84198031	94.534	4885	174	18	93	4102375	2236755	2241613	4102375	2390649	2395466	0.0	8438	7609	plus	HG00733#1#JAHEPQ010000009.1_80095657_84198031
HG00733#1#JAHEPQ010000009.1_80095657_84198031	HG00733#1#JAHEPQ010000009.1_80095657_84198031	94.493	4885	176	18	93	4102375	2873321	2878138	4102375	1525178	1530036	0.0	8428	7600	plus	HG00733#1#JAHEPQ010000009.1_80095657_84198031
HG00733#1#JAHEPQ010000009.1_80095657_84198031	HG00733#1#JAHEPQ010000009.1_80095657_84198031	94.493	4885	176	18	93	4102375	3355875	3360692	4102375	1525178	1530036	0.0	8428	7600	plus	HG00733#1#JAHEPQ010000009.1_80095657_84198031
HG00733#1#JAHEPQ010000009.1_80095657_84198031	HG00733#1#JAHEPQ010000009.1_80095657_84198031	94.493	4885	176	18	93	4102375	2873321	2878138	4102375	2236755	2241613	0.0	8428	7600	plus	HG00733#1#JAHEPQ010000009.1_80095657_84198031
HG00733#1#JAHEPQ010000009.1_80095657_84198031	HG00733#1#JAHEPQ010000009.1_80095657_84198031	94.493	4885	176	18	93	4102375	3355875	3360692	4102375	2236755	2241613	0.0	8428	7600	plus	HG00733#1#JAHEPQ010000009.1_80095657_84198031
HG00733#1#JAHEPQ010000009.1_80095657_84198031	HG00733#1#JAHEPQ010000009.1_80095657_84198031	94.493	4885	176	18	93	4102375	1525178	1530036	4102375	2873321	2878138	0.0	8428	7600	plus	HG00733#1#JAHEPQ010000009.1_80095657_84198031
HG00733#1#JAHEPQ010000009.1_80095657_84198031	HG00733#1#JAHEPQ010000009.1_80095657_84198031	94.493	4885	176	18	93	4102375	2236755	2241613	4102375	2873321	2878138	0.0	8428	7600	plus	HG00733#1#JAHEPQ010000009.1_80095657_84198031
HG00733#1#JAHEPQ010000009.1_80095657_84198031	HG00733#1#JAHEPQ010000009.1_80095657_84198031	94.493	4885	176	18	93	4102375	1525178	1530036	4102375	3355875	3360692	0.0	8428	7600	plus	HG00733#1#JAHEPQ010000009.1_80095657_84198031
HG00733#1#JAHEPQ010000009.1_80095657_84198031	HG00733#1#JAHEPQ010000009.1_80095657_84198031	94.493	4885	176	18	93	4102375	2236755	2241613	4102375	3355875	3360692	0.0	8428	7600	plus	HG00733#1#JAHEPQ010000009.1_80095657_84198031
HG00733#1#JAHEPQ010000009.1_80095657_84198031	HG00733#1#JAHEPQ010000009.1_80095657_84198031	94.452	4885	174	19	97	4102375	3915886	3920740	4102375	2390649	2395466	0.0	8417	7590	plus	HG00733#1#JAHEPQ010000009.1_80095657_84198031
HG00733#1#JAHEPQ010000009.1_80095657_84198031	HG00733#1#JAHEPQ010000009.1_80095657_84198031	94.452	4885	174	19	97	4102375	2390649	2395466	4102375	3915886	3920740	0.0	8417	7590	plus	HG00733#1#JAHEPQ010000009.1_80095657_84198031
HG00733#1#JAHEPQ010000009.1_80095657_84198031	HG00733#1#JAHEPQ010000009.1_80095657_84198031	94.411	4885	176	19	97	4102375	3915886	3920740	4102375	2873321	2878138	0.0	8407	7581	plus	HG00733#1#JAHEPQ010000009.1_80095657_84198031
HG00733#1#JAHEPQ010000009.1_80095657_84198031	HG00733#1#JAHEPQ010000009.1_80095657_84198031	94.411	4885	176	19	97	4102375	3915886	3920740	4102375	3355875	3360692	0.0	8407	7581	plus	HG00733#1#JAHEPQ010000009.1_80095657_84198031
HG00733#1#JAHEPQ010000009.1_80095657_84198031	HG00733#1#JAHEPQ010000009.1_80095657_84198031	94.411	4885	176	19	97	4102375	2873321	2878138	4102375	3915886	3920740	0.0	8407	7581	plus	HG00733#1#JAHEPQ010000009.1_80095657_84198031
HG00733#1#JAHEPQ010000009.1_80095657_84198031	HG00733#1#JAHEPQ010000009.1_80095657_84198031	94.411	4885	176	19	97	4102375	3355875	3360692	4102375	3915886	3920740	0.0	8407	7581	plus	HG00733#1#JAHEPQ010000009.1_80095657_84198031
HG00733#1#JAHEPQ010000009.1_80095657_84198031	HG00733#1#JAHEPQ010000009.1_80095657_84198031	86.943	5951	467	47	310	4102375	3811935	3817776	4102375	2081149	2075400	0.0	8092	7297	minus	HG00733#1#JAHEPQ010000009.1_80095657_84198031
HG00733#1#JAHEPQ010000009.1_80095657_84198031	HG00733#1#JAHEPQ010000009.1_80095657_84198031	86.943	5951	467	47	310	4102375	2075400	2081149	4102375	3817776	3811935	0.0	8092	7297	minus	HG00733#1#JAHEPQ010000009.1_80095657_84198031
HG00733#1#JAHEPQ010000009.1_80095657_84198031	HG00733#1#JAHEPQ010000009.1_80095657_84198031	86.939	5949	469	46	308	4102375	3811935	3817776	4102375	3759662	3753915	0.0	8091	7296	minus	HG00733#1#JAHEPQ010000009.1_80095657_84198031
HG00733#1#JAHEPQ010000009.1_80095657_84198031	HG00733#1#JAHEPQ010000009.1_80095657_84198031	86.939	5949	469	46	308	4102375	3753915	3759662	4102375	3817776	3811935	0.0	8091	7296	minus	HG00733#1#JAHEPQ010000009.1_80095657_84198031
HG00733#1#JAHEPQ010000009.1_80095657_84198031	HG00733#1#JAHEPQ010000009.1_80095657_84198031	86.876	5951	471	47	310	4102375	2133271	2139112	4102375	2081149	2075400	0.0	8072	7279	minus	HG00733#1#JAHEPQ010000009.1_80095657_84198031
HG00733#1#JAHEPQ010000009.1_80095657_84198031	HG00733#1#JAHEPQ010000009.1_80095657_84198031	86.876	5951	471	47	310	4102375	2075400	2081149	4102375	2139112	2133271	0.0	8072	7279	minus	HG00733#1#JAHEPQ010000009.1_80095657_84198031
HG00733#1#JAHEPQ010000009.1_80095657_84198031	HG00733#1#JAHEPQ010000009.1_80095657_84198031	86.872	5949	473	46	308	4102375	3753915	3759662	4102375	2139112	2133271	0.0	8071	7278	minus	HG00733#1#JAHEPQ010000009.1_80095657_84198031
HG00733#1#JAHEPQ010000009.1_80095657_84198031	HG00733#1#JAHEPQ010000009.1_80095657_84198031	86.872	5949	473	46	308	4102375	2133271	2139112	4102375	3759662	3753915	0.0	8071	7278	minus	HG00733#1#JAHEPQ010000009.1_80095657_84198031
HG00733#1#JAHEPQ010000009.1_80095657_84198031	HG00733#1#JAHEPQ010000009.1_80095657_84198031	94.321	4402	143	18	107	4102375	3961576	3965923	4102375	3785330	3789678	0.0	7571	6827	plus	HG00733#1#JAHEPQ010000009.1_80095657_84198031
HG00733#1#JAHEPQ010000009.1_80095657_84198031	HG00733#1#JAHEPQ010000009.1_80095657_84198031	94.321	4402	143	18	107	4102375	3785330	3789678	4102375	3961576	3965923	0.0	7571	6827	plus	HG00733#1#JAHEPQ010000009.1_80095657_84198031
HG00733#1#JAHEPQ010000009.1_80095657_84198031	HG00733#1#JAHEPQ010000009.1_80095657_84198031	94.132	4397	148	20	110	4102375	3961576	3965923	4102375	2106728	2111063	0.0	7514	6776	plus	HG00733#1#JAHEPQ010000009.1_80095657_84198031
HG00733#1#JAHEPQ010000009.1_80095657_84198031	HG00733#1#JAHEPQ010000009.1_80095657_84198031	94.132	4397	148	20	110	4102375	2106728	2111063	4102375	3961576	3965923	0.0	7514	6776	plus	HG00733#1#JAHEPQ010000009.1_80095657_84198031
HG00733#1#JAHEPQ010000009.1_80095657_84198031	HG00733#1#JAHEPQ010000009.1_80095657_84198031	99.251	3603	25	2	2	4102375	3685283	3688883	4102375	434194	430592	0.0	7063	6369	minus	HG00733#1#JAHEPQ010000009.1_80095657_84198031
HG00733#1#JAHEPQ010000009.1_80095657_84198031	HG00733#1#JAHEPQ010000009.1_80095657_84198031	99.251	3603	25	2	2	4102375	430592	434194	4102375	3688883	3685283	0.0	7063	6369	minus	HG00733#1#JAHEPQ010000009.1_80095657_84198031
HG00733#1#JAHEPQ010000009.1_80095657_84198031	HG00733#1#JAHEPQ010000009.1_80095657_84198031	99.084	3603	32	1	1	4102375	2006765	2010366	4102375	434194	430592	0.0	7037	6346	minus	HG00733#1#JAHEPQ010000009.1_80095657_84198031
HG00733#1#JAHEPQ010000009.1_80095657_84198031	HG00733#1#JAHEPQ010000009.1_80095657_84198031	99.084	3603	32	1	1	4102375	430592	434194	4102375	2010366	2006765	0.0	7037	6346	minus	HG00733#1#JAHEPQ010000009.1_80095657_84198031
HG00733#1#JAHEPQ010000009.1_80095657_84198031	HG00733#1#JAHEPQ010000009.1_80095657_84198031	90.199	4275	269	27	150	4102375	3846084	3850278	4102375	921692	925896	0.0	6470	5835	plus	HG00733#1#JAHEPQ010000009.1_80095657_84198031
HG00733#1#JAHEPQ010000009.1_80095657_84198031	HG00733#1#JAHEPQ010000009.1_80095657_84198031	90.199	4275	269	27	150	4102375	921692	925896	4102375	3846084	3850278	0.0	6470	5835	plus	HG00733#1#JAHEPQ010000009.1_80095657_84198031
HG00733#1#JAHEPQ010000009.1_80095657_84198031	HG00733#1#JAHEPQ010000009.1_80095657_84198031	90.105	4275	271	26	152	4102375	2167421	2171613	4102375	921692	925896	0.0	6457	5823	plus	HG00733#1#JAHEPQ010000009.1_80095657_84198031
HG00733#1#JAHEPQ010000009.1_80095657_84198031	HG00733#1#JAHEPQ010000009.1_80095657_84198031	90.105	4275	271	26	152	4102375	921692	925896	4102375	2167421	2171613	0.0	6457	5823	plus	HG00733#1#JAHEPQ010000009.1_80095657_84198031
HG00733#1#JAHEPQ010000009.1_80095657_84198031	HG00733#1#JAHEPQ010000009.1_80095657_84198031	87.235	3956	373	30	132	4102375	947656	951536	4102375	50595	46697	0.0	5369	4842	minus	HG00733#1#JAHEPQ010000009.1_80095657_84198031
HG00733#1#JAHEPQ010000009.1_80095657_84198031	HG00733#1#JAHEPQ010000009.1_80095657_84198031	87.235	3956	373	30	132	4102375	46697	50595	4102375	951536	947656	0.0	5369	4842	minus	HG00733#1#JAHEPQ010000009.1_80095657_84198031
HG00733#1#JAHEPQ010000009.1_80095657_84198031	HG00733#1#JAHEPQ010000009.1_80095657_84198031	78.785	5581	755	105	429	4102375	2103037	2108328	4102375	1001196	995756	0.0	5146	4641	minus	HG00733#1#JAHEPQ010000009.1_80095657_84198031
HG00733#1#JAHEPQ010000009.1_80095657_84198031	HG00733#1#JAHEPQ010000009.1_80095657_84198031	78.785	5581	755	105	429	4102375	995756	1001196	4102375	2108328	2103037	0.0	5146	4641	minus	HG00733#1#JAHEPQ010000009.1_80095657_84198031
HG00733#1#JAHEPQ010000009.1_80095657_84198031	HG00733#1#JAHEPQ010000009.1_80095657_84198031	95.199	2937	100	13	41	4102375	1684058	1686979	4102375	1530199	1533109	0.0	5145	4640	plus	HG00733#1#JAHEPQ010000009.1_80095657_84198031
HG00733#1#JAHEPQ010000009.1_80095657_84198031	HG00733#1#JAHEPQ010000009.1_80095657_84198031	95.199	2937	100	13	41	4102375	1530199	1533109	4102375	1684058	1686979	0.0	5145	4640	plus	HG00733#1#JAHEPQ010000009.1_80095657_84198031
HG00733#1#JAHEPQ010000009.1_80095657_84198031	HG00733#1#JAHEPQ010000009.1_80095657_84198031	95.199	2937	100	13	41	4102375	2241776	2244686	4102375	1684058	1686979	0.0	5145	4640	plus	HG00733#1#JAHEPQ010000009.1_80095657_84198031
HG00733#1#JAHEPQ010000009.1_80095657_84198031	HG00733#1#JAHEPQ010000009.1_80095657_84198031	95.199	2937	100	13	41	4102375	1684058	1686979	4102375	2241776	2244686	0.0	5145	4640	plus	HG00733#1#JAHEPQ010000009.1_80095657_84198031
HG00733#1#JAHEPQ010000009.1_80095657_84198031	HG00733#1#JAHEPQ010000009.1_80095657_84198031	95.781	2892	93	13	29	4102375	2241809	2244686	4102375	741252	738376	0.0	5138	4634	minus	HG00733#1#JAHEPQ010000009.1_80095657_84198031
HG00733#1#JAHEPQ010000009.1_80095657_84198031	HG00733#1#JAHEPQ010000009.1_80095657_84198031	95.781	2892	93	13	29	4102375	1530232	1533109	4102375	741252	738376	0.0	5138	4634	minus	HG00733#1#JAHEPQ010000009.1_80095657_84198031
HG00733#1#JAHEPQ010000009.1_80095657_84198031	HG00733#1#JAHEPQ010000009.1_80095657_84198031	95.781	2892	93	13	29	4102375	2395705	2398581	4102375	1530232	1533109	0.0	5138	4634	plus	HG00733#1#JAHEPQ010000009.1_80095657_84198031
HG00733#1#JAHEPQ010000009.1_80095657_84198031	HG00733#1#JAHEPQ010000009.1_80095657_84198031	95.781	2892	93	13	29	4102375	738376	741252	4102375	1533109	1530232	0.0	5138	4634	minus	HG00733#1#JAHEPQ010000009.1_80095657_84198031
HG00733#1#JAHEPQ010000009.1_80095657_84198031	HG00733#1#JAHEPQ010000009.1_80095657_84198031	95.781	2892	93	13	29	4102375	2395705	2398581	4102375	2241809	2244686	0.0	5138	4634	plus	HG00733#1#JAHEPQ010000009.1_80095657_84198031
HG00733#1#JAHEPQ010000009.1_80095657_84198031	HG00733#1#JAHEPQ010000009.1_80095657_84198031	95.781	2892	93	13	29	4102375	738376	741252	4102375	2244686	2241809	0.0	5138	4634	minus	HG00733#1#JAHEPQ010000009.1_80095657_84198031
HG00733#1#JAHEPQ010000009.1_80095657_84198031	HG00733#1#JAHEPQ010000009.1_80095657_84198031	95.781	2892	93	13	29	4102375	1530232	1533109	4102375	2395705	2398581	0.0	5138	4634	plus	HG00733#1#JAHEPQ010000009.1_80095657_84198031
HG00733#1#JAHEPQ010000009.1_80095657_84198031	HG00733#1#JAHEPQ010000009.1_80095657_84198031	95.781	2892	93	13	29	4102375	2241809	2244686	4102375	2395705	2398581	0.0	5138	4634	plus	HG00733#1#JAHEPQ010000009.1_80095657_84198031
HG00733#1#JAHEPQ010000009.1_80095657_84198031	HG00733#1#JAHEPQ010000009.1_80095657_84198031	95.745	2891	95	12	28	4102375	2878374	2881249	4102375	1530232	1533109	0.0	5135	4631	plus	HG00733#1#JAHEPQ010000009.1_80095657_84198031
HG00733#1#JAHEPQ010000009.1_80095657_84198031	HG00733#1#JAHEPQ010000009.1_80095657_84198031	95.745	2891	95	12	28	4102375	3360928	3363803	4102375	1530232	1533109	0.0	5135	4631	plus	HG00733#1#JAHEPQ010000009.1_80095657_84198031
HG00733#1#JAHEPQ010000009.1_80095657_84198031	HG00733#1#JAHEPQ010000009.1_80095657_84198031	95.745	2891	95	12	28	4102375	2878374	2881249	4102375	2241809	2244686	0.0	5135	4631	plus	HG00733#1#JAHEPQ010000009.1_80095657_84198031
HG00733#1#JAHEPQ010000009.1_80095657_84198031	HG00733#1#JAHEPQ010000009.1_80095657_84198031	95.745	2891	95	12	28	4102375	3360928	3363803	4102375	2241809	2244686	0.0	5135	4631	plus	HG00733#1#JAHEPQ010000009.1_80095657_84198031
HG00733#1#JAHEPQ010000009.1_80095657_84198031	HG00733#1#JAHEPQ010000009.1_80095657_84198031	95.745	2891	95	12	28	4102375	1530232	1533109	4102375	2878374	2881249	0.0	5135	4631	plus	HG00733#1#JAHEPQ010000009.1_80095657_84198031
HG00733#1#JAHEPQ010000009.1_80095657_84198031	HG00733#1#JAHEPQ010000009.1_80095657_84198031	95.745	2891	95	12	28	4102375	2241809	2244686	4102375	2878374	2881249	0.0	5135	4631	plus	HG00733#1#JAHEPQ010000009.1_80095657_84198031
HG00733#1#JAHEPQ010000009.1_80095657_84198031	HG00733#1#JAHEPQ010000009.1_80095657_84198031	95.745	2891	95	12	28	4102375	1530232	1533109	4102375	3360928	3363803	0.0	5135	4631	plus	HG00733#1#JAHEPQ010000009.1_80095657_84198031
HG00733#1#JAHEPQ010000009.1_80095657_84198031	HG00733#1#JAHEPQ010000009.1_80095657_84198031	95.745	2891	95	12	28	4102375	2241809	2244686	4102375	3360928	3363803	0.0	5135	4631	plus	HG00733#1#JAHEPQ010000009.1_80095657_84198031
HG00733#1#JAHEPQ010000009.1_80095657_84198031	HG00733#1#JAHEPQ010000009.1_80095657_84198031	78.721	5583	756	108	432	4102375	3781642	3786934	4102375	1001196	995756	0.0	5118	4616	minus	HG00733#1#JAHEPQ010000009.1_80095657_84198031
HG00733#1#JAHEPQ010000009.1_80095657_84198031	HG00733#1#JAHEPQ010000009.1_80095657_84198031	78.721	5583	756	108	432	4102375	995756	1001196	4102375	3786934	3781642	0.0	5118	4616	minus	HG00733#1#JAHEPQ010000009.1_80095657_84198031
HG00733#1#JAHEPQ010000009.1_80095657_84198031	HG00733#1#JAHEPQ010000009.1_80095657_84198031	94.986	2892	116	12	29	4102375	3920936	3923813	4102375	741252	738376	0.0	5028	4534	minus	HG00733#1#JAHEPQ010000009.1_80095657_84198031
HG00733#1#JAHEPQ010000009.1_80095657_84198031	HG00733#1#JAHEPQ010000009.1_80095657_84198031	94.986	2892	116	12	29	4102375	738376	741252	4102375	3923813	3920936	0.0	5028	4534	minus	HG00733#1#JAHEPQ010000009.1_80095657_84198031
HG00733#1#JAHEPQ010000009.1_80095657_84198031	HG00733#1#JAHEPQ010000009.1_80095657_84198031	94.984	2891	117	12	28	4102375	3920936	3923813	4102375	1684104	1686979	0.0	5025	4532	plus	HG00733#1#JAHEPQ010000009.1_80095657_84198031
HG00733#1#JAHEPQ010000009.1_80095657_84198031	HG00733#1#JAHEPQ010000009.1_80095657_84198031	94.984	2891	117	12	28	4102375	1684104	1686979	4102375	3920936	3923813	0.0	5025	4532	plus	HG00733#1#JAHEPQ010000009.1_80095657_84198031
HG00733#1#JAHEPQ010000009.1_80095657_84198031	HG00733#1#JAHEPQ010000009.1_80095657_84198031	94.950	2891	118	12	28	4102375	3920936	3923813	4102375	2878374	2881249	0.0	5020	4527	plus	HG00733#1#JAHEPQ010000009.1_80095657_84198031
HG00733#1#JAHEPQ010000009.1_80095657_84198031	HG00733#1#JAHEPQ010000009.1_80095657_84198031	94.950	2891	118	12	28	4102375	3920936	3923813	4102375	3360928	3363803	0.0	5020	4527	plus	HG00733#1#JAHEPQ010000009.1_80095657_84198031
HG00733#1#JAHEPQ010000009.1_80095657_84198031	HG00733#1#JAHEPQ010000009.1_80095657_84198031	94.950	2891	118	12	28	4102375	2878374	2881249	4102375	3920936	3923813	0.0	5020	4527	plus	HG00733#1#JAHEPQ010000009.1_80095657_84198031
HG00733#1#JAHEPQ010000009.1_80095657_84198031	HG00733#1#JAHEPQ010000009.1_80095657_84198031	94.950	2891	118	12	28	4102375	3360928	3363803	4102375	3920936	3923813	0.0	5020	4527	plus	HG00733#1#JAHEPQ010000009.1_80095657_84198031
HG00733#1#JAHEPQ010000009.1_80095657_84198031	HG00733#1#JAHEPQ010000009.1_80095657_84198031	94.917	2892	118	12	29	4102375	3920936	3923813	4102375	2395705	2398581	0.0	5018	4525	plus	HG00733#1#JAHEPQ010000009.1_80095657_84198031
HG00733#1#JAHEPQ010000009.1_80095657_84198031	HG00733#1#JAHEPQ010000009.1_80095657_84198031	94.917	2892	118	12	29	4102375	2395705	2398581	4102375	3920936	3923813	0.0	5018	4525	plus	HG00733#1#JAHEPQ010000009.1_80095657_84198031
HG00733#1#JAHEPQ010000009.1_80095657_84198031	HG00733#1#JAHEPQ010000009.1_80095657_84198031	98.291	2458	19	2	23	4102375	1986745	1989179	4102375	436653	434196	0.0	4719	4256	minus	HG00733#1#JAHEPQ010000009.1_80095657_84198031
HG00733#1#JAHEPQ010000009.1_80095657_84198031	HG00733#1#JAHEPQ010000009.1_80095657_84198031	98.291	2458	19	2	23	4102375	434196	436653	4102375	1989179	1986745	0.0	4719	4256	minus	HG00733#1#JAHEPQ010000009.1_80095657_84198031
HG00733#1#JAHEPQ010000009.1_80095657_84198031	HG00733#1#JAHEPQ010000009.1_80095657_84198031	97.090	2543	58	3	16	4102375	3933406	3935947	4102375	3855879	3853352	0.0	4717	4254	minus	HG00733#1#JAHEPQ010000009.1_80095657_84198031
HG00733#1#JAHEPQ010000009.1_80095657_84198031	HG00733#1#JAHEPQ010000009.1_80095657_84198031	97.090	2543	58	3	16	4102375	3853352	3855879	4102375	3935947	3933406	0.0	4717	4254	minus	HG00733#1#JAHEPQ010000009.1_80095657_84198031
HG00733#1#JAHEPQ010000009.1_80095657_84198031	HG00733#1#JAHEPQ010000009.1_80095657_84198031	98.251	2458	20	2	23	4102375	3665259	3667693	4102375	436653	434196	0.0	4714	4251	minus	HG00733#1#JAHEPQ010000009.1_80095657_84198031
HG00733#1#JAHEPQ010000009.1_80095657_84198031	HG00733#1#JAHEPQ010000009.1_80095657_84198031	98.251	2458	20	2	23	4102375	3182643	3185077	4102375	436653	434196	0.0	4714	4251	minus	HG00733#1#JAHEPQ010000009.1_80095657_84198031
HG00733#1#JAHEPQ010000009.1_80095657_84198031	HG00733#1#JAHEPQ010000009.1_80095657_84198031	98.251	2458	20	2	23	4102375	2700089	2702523	4102375	436653	434196	0.0	4714	4251	minus	HG00733#1#JAHEPQ010000009.1_80095657_84198031
HG00733#1#JAHEPQ010000009.1_80095657_84198031	HG00733#1#JAHEPQ010000009.1_80095657_84198031	98.251	2458	20	2	23	4102375	434196	436653	4102375	2702523	2700089	0.0	4714	4251	minus	HG00733#1#JAHEPQ010000009.1_80095657_84198031
HG00733#1#JAHEPQ010000009.1_80095657_84198031	HG00733#1#JAHEPQ010000009.1_80095657_84198031	98.251	2458	20	2	23	4102375	434196	436653	4102375	3185077	3182643	0.0	4714	4251	minus	HG00733#1#JAHEPQ010000009.1_80095657_84198031
HG00733#1#JAHEPQ010000009.1_80095657_84198031	HG00733#1#JAHEPQ010000009.1_80095657_84198031	98.251	2458	20	2	23	4102375	434196	436653	4102375	3667693	3665259	0.0	4714	4251	minus	HG00733#1#JAHEPQ010000009.1_80095657_84198031
HG00733#1#JAHEPQ010000009.1_80095657_84198031	HG00733#1#JAHEPQ010000009.1_80095657_84198031	96.588	2550	72	2	15	4102375	3933398	3935947	4102375	2176784	2174250	0.0	4670	4212	minus	HG00733#1#JAHEPQ010000009.1_80095657_84198031
HG00733#1#JAHEPQ010000009.1_80095657_84198031	HG00733#1#JAHEPQ010000009.1_80095657_84198031	96.588	2550	72	2	15	4102375	2174250	2176784	4102375	3935947	3933398	0.0	4670	4212	minus	HG00733#1#JAHEPQ010000009.1_80095657_84198031
HG00733#1#JAHEPQ010000009.1_80095657_84198031	HG00733#1#JAHEPQ010000009.1_80095657_84198031	86.216	3417	317	30	154	4102375	3795952	3799269	4102375	2091572	2088211	0.0	4483	4043	minus	HG00733#1#JAHEPQ010000009.1_80095657_84198031
HG00733#1#JAHEPQ010000009.1_80095657_84198031	HG00733#1#JAHEPQ010000009.1_80095657_84198031	86.216	3417	317	30	154	4102375	2088211	2091572	4102375	3799269	3795952	0.0	4483	4043	minus	HG00733#1#JAHEPQ010000009.1_80095657_84198031
HG00733#1#JAHEPQ010000009.1_80095657_84198031	HG00733#1#JAHEPQ010000009.1_80095657_84198031	85.518	3418	310	29	185	4102375	2117338	2120626	4102375	2091572	2088211	0.0	4401	3969	minus	HG00733#1#JAHEPQ010000009.1_80095657_84198031
HG00733#1#JAHEPQ010000009.1_80095657_84198031	HG00733#1#JAHEPQ010000009.1_80095657_84198031	85.518	3418	310	29	185	4102375	2088211	2091572	4102375	2120626	2117338	0.0	4401	3969	minus	HG00733#1#JAHEPQ010000009.1_80095657_84198031
HG00733#1#JAHEPQ010000009.1_80095657_84198031	HG00733#1#JAHEPQ010000009.1_80095657_84198031	85.279	3417	313	28	190	4102375	3970789	3974070	4102375	2091572	2088211	0.0	4369	3940	minus	HG00733#1#JAHEPQ010000009.1_80095657_84198031
HG00733#1#JAHEPQ010000009.1_80095657_84198031	HG00733#1#JAHEPQ010000009.1_80095657_84198031	85.279	3417	313	28	190	4102375	2088211	2091572	4102375	3974070	3970789	0.0	4369	3940	minus	HG00733#1#JAHEPQ010000009.1_80095657_84198031
HG00733#1#JAHEPQ010000009.1_80095657_84198031	HG00733#1#JAHEPQ010000009.1_80095657_84198031	88.271	2771	271	22	54	4102375	3976157	3978901	4102375	2086773	2084031	0.0	3861	3482	minus	HG00733#1#JAHEPQ010000009.1_80095657_84198031
HG00733#1#JAHEPQ010000009.1_80095657_84198031	HG00733#1#JAHEPQ010000009.1_80095657_84198031	88.271	2771	271	22	54	4102375	2084031	2086773	4102375	3978901	3976157	0.0	3861	3482	minus	HG00733#1#JAHEPQ010000009.1_80095657_84198031
HG00733#1#JAHEPQ010000009.1_80095657_84198031	HG00733#1#JAHEPQ010000009.1_80095657_84198031	88.163	2771	272	23	56	4102375	3976157	3978901	4102375	3765284	3762544	0.0	3843	3466	minus	HG00733#1#JAHEPQ010000009.1_80095657_84198031
HG00733#1#JAHEPQ010000009.1_80095657_84198031	HG00733#1#JAHEPQ010000009.1_80095657_84198031	88.163	2771	272	23	56	4102375	3762544	3765284	4102375	3978901	3976157	0.0	3843	3466	minus	HG00733#1#JAHEPQ010000009.1_80095657_84198031
HG00733#1#JAHEPQ010000009.1_80095657_84198031	HG00733#1#JAHEPQ010000009.1_80095657_84198031	89.561	2414	188	18	64	4102375	3735291	3737657	4102375	2155268	2152872	0.0	3542	3195	minus	HG00733#1#JAHEPQ010000009.1_80095657_84198031
HG00733#1#JAHEPQ010000009.1_80095657_84198031	HG00733#1#JAHEPQ010000009.1_80095657_84198031	89.561	2414	188	18	64	4102375	2152872	2155268	4102375	3737657	3735291	0.0	3542	3195	minus	HG00733#1#JAHEPQ010000009.1_80095657_84198031
HG00733#1#JAHEPQ010000009.1_80095657_84198031	HG00733#1#JAHEPQ010000009.1_80095657_84198031	89.426	2421	202	16	54	4102375	71543	73934	4102375	46917	49312	0.0	3536	3189	plus	HG00733#1#JAHEPQ010000009.1_80095657_84198031
HG00733#1#JAHEPQ010000009.1_80095657_84198031	HG00733#1#JAHEPQ010000009.1_80095657_84198031	89.426	2421	202	16	54	4102375	46917	49312	4102375	71543	73934	0.0	3536	3189	plus	HG00733#1#JAHEPQ010000009.1_80095657_84198031
HG00733#1#JAHEPQ010000009.1_80095657_84198031	HG00733#1#JAHEPQ010000009.1_80095657_84198031	89.478	2414	190	18	64	4102375	2152872	2155268	4102375	2059146	2056780	0.0	3532	3186	minus	HG00733#1#JAHEPQ010000009.1_80095657_84198031
HG00733#1#JAHEPQ010000009.1_80095657_84198031	HG00733#1#JAHEPQ010000009.1_80095657_84198031	89.478	2414	190	18	64	4102375	2056780	2059146	4102375	2155268	2152872	0.0	3532	3186	minus	HG00733#1#JAHEPQ010000009.1_80095657_84198031
HG00733#1#JAHEPQ010000009.1_80095657_84198031	HG00733#1#JAHEPQ010000009.1_80095657_84198031	89.354	2414	192	19	65	4102375	3831528	3833923	4102375	3737657	3735291	0.0	3513	3168	minus	HG00733#1#JAHEPQ010000009.1_80095657_84198031
HG00733#1#JAHEPQ010000009.1_80095657_84198031	HG00733#1#JAHEPQ010000009.1_80095657_84198031	89.354	2414	192	19	65	4102375	3735291	3737657	4102375	3833923	3831528	0.0	3513	3168	minus	HG00733#1#JAHEPQ010000009.1_80095657_84198031
HG00733#1#JAHEPQ010000009.1_80095657_84198031	HG00733#1#JAHEPQ010000009.1_80095657_84198031	89.271	2414	194	19	65	4102375	3831528	3833923	4102375	2059146	2056780	0.0	3503	3159	minus	HG00733#1#JAHEPQ010000009.1_80095657_84198031
HG00733#1#JAHEPQ010000009.1_80095657_84198031	HG00733#1#JAHEPQ010000009.1_80095657_84198031	89.271	2414	194	19	65	4102375	2056780	2059146	4102375	3833923	3831528	0.0	3503	3159	minus	HG00733#1#JAHEPQ010000009.1_80095657_84198031
HG00733#1#JAHEPQ010000009.1_80095657_84198031	HG00733#1#JAHEPQ010000009.1_80095657_84198031	88.815	2405	230	11	39	4102375	948939	951317	4102375	73934	71543	0.0	3449	3111	minus	HG00733#1#JAHEPQ010000009.1_80095657_84198031
HG00733#1#JAHEPQ010000009.1_80095657_84198031	HG00733#1#JAHEPQ010000009.1_80095657_84198031	88.815	2405	230	11	39	4102375	71543	73934	4102375	951317	948939	0.0	3449	3111	minus	HG00733#1#JAHEPQ010000009.1_80095657_84198031
HG00733#1#JAHEPQ010000009.1_80095657_84198031	HG00733#1#JAHEPQ010000009.1_80095657_84198031	98.732	1656	11	4	10	4102375	1985101	1986748	4102375	921631	919978	0.0	3197	2883	minus	HG00733#1#JAHEPQ010000009.1_80095657_84198031
HG00733#1#JAHEPQ010000009.1_80095657_84198031	HG00733#1#JAHEPQ010000009.1_80095657_84198031	98.732	1656	11	4	10	4102375	919978	921631	4102375	1986748	1985101	0.0	3197	2883	minus	HG00733#1#JAHEPQ010000009.1_80095657_84198031
HG00733#1#JAHEPQ010000009.1_80095657_84198031	HG00733#1#JAHEPQ010000009.1_80095657_84198031	98.490	1656	11	4	14	4102375	3181003	3182646	4102375	921631	919978	0.0	3181	2869	minus	HG00733#1#JAHEPQ010000009.1_80095657_84198031
HG00733#1#JAHEPQ010000009.1_80095657_84198031	HG00733#1#JAHEPQ010000009.1_80095657_84198031	98.490	1656	11	4	14	4102375	2698449	2700092	4102375	921631	919978	0.0	3181	2869	minus	HG00733#1#JAHEPQ010000009.1_80095657_84198031
HG00733#1#JAHEPQ010000009.1_80095657_84198031	HG00733#1#JAHEPQ010000009.1_80095657_84198031	98.490	1656	11	4	14	4102375	919978	921631	4102375	2700092	2698449	0.0	3181	2869	minus	HG00733#1#JAHEPQ010000009.1_80095657_84198031
HG00733#1#JAHEPQ010000009.1_80095657_84198031	HG00733#1#JAHEPQ010000009.1_80095657_84198031	98.490	1656	11	4	14	4102375	919978	921631	4102375	3182646	3181003	0.0	3181	2869	minus	HG00733#1#JAHEPQ010000009.1_80095657_84198031
HG00733#1#JAHEPQ010000009.1_80095657_84198031	HG00733#1#JAHEPQ010000009.1_80095657_84198031	98.430	1656	12	4	14	4102375	3663619	3665262	4102375	921631	919978	0.0	3176	2865	minus	HG00733#1#JAHEPQ010000009.1_80095657_84198031
HG00733#1#JAHEPQ010000009.1_80095657_84198031	HG00733#1#JAHEPQ010000009.1_80095657_84198031	98.430	1656	12	4	14	4102375	919978	921631	4102375	3665262	3663619	0.0	3176	2865	minus	HG00733#1#JAHEPQ010000009.1_80095657_84198031
HG00733#1#JAHEPQ010000009.1_80095657_84198031	HG00733#1#JAHEPQ010000009.1_80095657_84198031	96.402	1723	43	8	19	4102375	2883212	2884923	4102375	1534583	1536297	0.0	3115	2810	plus	HG00733#1#JAHEPQ010000009.1_80095657_84198031
HG00733#1#JAHEPQ010000009.1_80095657_84198031	HG00733#1#JAHEPQ010000009.1_80095657_84198031	96.402	1723	43	8	19	4102375	3365766	3367477	4102375	1534583	1536297	0.0	3115	2810	plus	HG00733#1#JAHEPQ010000009.1_80095657_84198031
HG00733#1#JAHEPQ010000009.1_80095657_84198031	HG00733#1#JAHEPQ010000009.1_80095657_84198031	96.402	1723	43	8	19	4102375	2883212	2884923	4102375	2246160	2247874	0.0	3115	2810	plus	HG00733#1#JAHEPQ010000009.1_80095657_84198031
HG00733#1#JAHEPQ010000009.1_80095657_84198031	HG00733#1#JAHEPQ010000009.1_80095657_84198031	96.402	1723	43	8	19	4102375	3365766	3367477	4102375	2246160	2247874	0.0	3115	2810	plus	HG00733#1#JAHEPQ010000009.1_80095657_84198031
HG00733#1#JAHEPQ010000009.1_80095657_84198031	HG00733#1#JAHEPQ010000009.1_80095657_84198031	96.402	1723	43	8	19	4102375	1534583	1536297	4102375	2883212	2884923	0.0	3115	2810	plus	HG00733#1#JAHEPQ010000009.1_80095657_84198031
HG00733#1#JAHEPQ010000009.1_80095657_84198031	HG00733#1#JAHEPQ010000009.1_80095657_84198031	96.402	1723	43	8	19	4102375	2246160	2247874	4102375	2883212	2884923	0.0	3115	2810	plus	HG00733#1#JAHEPQ010000009.1_80095657_84198031
HG00733#1#JAHEPQ010000009.1_80095657_84198031	HG00733#1#JAHEPQ010000009.1_80095657_84198031	96.402	1723	43	8	19	4102375	1534583	1536297	4102375	3365766	3367477	0.0	3115	2810	plus	HG00733#1#JAHEPQ010000009.1_80095657_84198031
HG00733#1#JAHEPQ010000009.1_80095657_84198031	HG00733#1#JAHEPQ010000009.1_80095657_84198031	96.402	1723	43	8	19	4102375	2246160	2247874	4102375	3365766	3367477	0.0	3115	2810	plus	HG00733#1#JAHEPQ010000009.1_80095657_84198031
HG00733#1#JAHEPQ010000009.1_80095657_84198031	HG00733#1#JAHEPQ010000009.1_80095657_84198031	96.344	1723	44	8	19	4102375	2400544	2402255	4102375	1534583	1536297	0.0	3110	2805	plus	HG00733#1#JAHEPQ010000009.1_80095657_84198031
HG00733#1#JAHEPQ010000009.1_80095657_84198031	HG00733#1#JAHEPQ010000009.1_80095657_84198031	96.344	1723	44	8	19	4102375	2400544	2402255	4102375	2246160	2247874	0.0	3110	2805	plus	HG00733#1#JAHEPQ010000009.1_80095657_84198031
HG00733#1#JAHEPQ010000009.1_80095657_84198031	HG00733#1#JAHEPQ010000009.1_80095657_84198031	96.344	1723	44	8	19	4102375	1534583	1536297	4102375	2400544	2402255	0.0	3110	2805	plus	HG00733#1#JAHEPQ010000009.1_80095657_84198031
HG00733#1#JAHEPQ010000009.1_80095657_84198031	HG00733#1#JAHEPQ010000009.1_80095657_84198031	96.344	1723	44	8	19	4102375	2246160	2247874	4102375	2400544	2402255	0.0	3110	2805	plus	HG00733#1#JAHEPQ010000009.1_80095657_84198031
HG00733#1#JAHEPQ010000009.1_80095657_84198031	HG00733#1#JAHEPQ010000009.1_80095657_84198031	96.056	1724	49	7	19	4102375	1688942	1690655	4102375	1534583	1536297	0.0	3092	2789	plus	HG00733#1#JAHEPQ010000009.1_80095657_84198031
HG00733#1#JAHEPQ010000009.1_80095657_84198031	HG00733#1#JAHEPQ010000009.1_80095657_84198031	96.056	1724	49	7	19	4102375	1534583	1536297	4102375	1688942	1690655	0.0	3092	2789	plus	HG00733#1#JAHEPQ010000009.1_80095657_84198031
HG00733#1#JAHEPQ010000009.1_80095657_84198031	HG00733#1#JAHEPQ010000009.1_80095657_84198031	96.056	1724	49	7	19	4102375	2246160	2247874	4102375	1688942	1690655	0.0	3092	2789	plus	HG00733#1#JAHEPQ010000009.1_80095657_84198031
HG00733#1#JAHEPQ010000009.1_80095657_84198031	HG00733#1#JAHEPQ010000009.1_80095657_84198031	96.056	1724	49	7	19	4102375	1688942	1690655	4102375	2246160	2247874	0.0	3092	2789	plus	HG00733#1#JAHEPQ010000009.1_80095657_84198031
HG00733#1#JAHEPQ010000009.1_80095657_84198031	HG00733#1#JAHEPQ010000009.1_80095657_84198031	95.886	1726	48	10	23	4102375	2246160	2247874	4102375	736413	734700	0.0	3070	2769	minus	HG00733#1#JAHEPQ010000009.1_80095657_84198031
HG00733#1#JAHEPQ010000009.1_80095657_84198031	HG00733#1#JAHEPQ010000009.1_80095657_84198031	95.886	1726	48	10	23	4102375	1534583	1536297	4102375	736413	734700	0.0	3070	2769	minus	HG00733#1#JAHEPQ010000009.1_80095657_84198031
HG00733#1#JAHEPQ010000009.1_80095657_84198031	HG00733#1#JAHEPQ010000009.1_80095657_84198031	95.886	1726	48	10	23	4102375	734700	736413	4102375	1536297	1534583	0.0	3070	2769	minus	HG00733#1#JAHEPQ010000009.1_80095657_84198031
HG00733#1#JAHEPQ010000009.1_80095657_84198031	HG00733#1#JAHEPQ010000009.1_80095657_84198031	95.886	1726	48	10	23	4102375	734700	736413	4102375	2247874	2246160	0.0	3070	2769	minus	HG00733#1#JAHEPQ010000009.1_80095657_84198031
HG00733#1#JAHEPQ010000009.1_80095657_84198031	HG00733#1#JAHEPQ010000009.1_80095657_84198031	78.164	3453	489	83	265	4102375	3974603	3977903	4102375	933544	930205	0.0	2986	2693	minus	HG00733#1#JAHEPQ010000009.1_80095657_84198031
HG00733#1#JAHEPQ010000009.1_80095657_84198031	HG00733#1#JAHEPQ010000009.1_80095657_84198031	78.164	3453	489	83	265	4102375	930205	933544	4102375	3977903	3974603	0.0	2986	2693	minus	HG00733#1#JAHEPQ010000009.1_80095657_84198031
HG00733#1#JAHEPQ010000009.1_80095657_84198031	HG00733#1#JAHEPQ010000009.1_80095657_84198031	94.780	1724	70	7	20	4102375	3862143	3863856	4102375	1690655	1688942	0.0	2983	2691	minus	HG00733#1#JAHEPQ010000009.1_80095657_84198031
HG00733#1#JAHEPQ010000009.1_80095657_84198031	HG00733#1#JAHEPQ010000009.1_80095657_84198031	94.780	1724	70	7	20	4102375	1688942	1690655	4102375	3863856	3862143	0.0	2983	2691	minus	HG00733#1#JAHEPQ010000009.1_80095657_84198031
HG00733#1#JAHEPQ010000009.1_80095657_84198031	HG00733#1#JAHEPQ010000009.1_80095657_84198031	94.664	1724	72	7	20	4102375	2183074	2184787	4102375	1690655	1688942	0.0	2973	2681	minus	HG00733#1#JAHEPQ010000009.1_80095657_84198031
HG00733#1#JAHEPQ010000009.1_80095657_84198031	HG00733#1#JAHEPQ010000009.1_80095657_84198031	94.664	1724	72	7	20	4102375	1688942	1690655	4102375	2184787	2183074	0.0	2973	2681	minus	HG00733#1#JAHEPQ010000009.1_80095657_84198031
HG00733#1#JAHEPQ010000009.1_80095657_84198031	HG00733#1#JAHEPQ010000009.1_80095657_84198031	94.667	1725	68	10	24	4102375	3862143	3863856	4102375	2884923	2883212	0.0	2964	2673	minus	HG00733#1#JAHEPQ010000009.1_80095657_84198031
HG00733#1#JAHEPQ010000009.1_80095657_84198031	HG00733#1#JAHEPQ010000009.1_80095657_84198031	94.667	1725	68	10	24	4102375	3862143	3863856	4102375	3367477	3365766	0.0	2964	2673	minus	HG00733#1#JAHEPQ010000009.1_80095657_84198031
HG00733#1#JAHEPQ010000009.1_80095657_84198031	HG00733#1#JAHEPQ010000009.1_80095657_84198031	94.667	1725	68	10	24	4102375	3365766	3367477	4102375	3863856	3862143	0.0	2964	2673	minus	HG00733#1#JAHEPQ010000009.1_80095657_84198031
HG00733#1#JAHEPQ010000009.1_80095657_84198031	HG00733#1#JAHEPQ010000009.1_80095657_84198031	94.667	1725	68	10	24	4102375	2883212	2884923	4102375	3863856	3862143	0.0	2964	2673	minus	HG00733#1#JAHEPQ010000009.1_80095657_84198031
HG00733#1#JAHEPQ010000009.1_80095657_84198031	HG00733#1#JAHEPQ010000009.1_80095657_84198031	94.548	1724	74	7	20	4102375	3925287	3927000	4102375	1688942	1690655	0.0	2963	2672	plus	HG00733#1#JAHEPQ010000009.1_80095657_84198031
HG00733#1#JAHEPQ010000009.1_80095657_84198031	HG00733#1#JAHEPQ010000009.1_80095657_84198031	94.548	1724	74	7	20	4102375	1688942	1690655	4102375	3925287	3927000	0.0	2963	2672	plus	HG00733#1#JAHEPQ010000009.1_80095657_84198031
HG00733#1#JAHEPQ010000009.1_80095657_84198031	HG00733#1#JAHEPQ010000009.1_80095657_84198031	94.609	1725	69	10	24	4102375	3862143	3863856	4102375	2402255	2400544	0.0	2959	2669	minus	HG00733#1#JAHEPQ010000009.1_80095657_84198031
HG00733#1#JAHEPQ010000009.1_80095657_84198031	HG00733#1#JAHEPQ010000009.1_80095657_84198031	94.609	1725	69	10	24	4102375	2400544	2402255	4102375	3863856	3862143	0.0	2959	2669	minus	HG00733#1#JAHEPQ010000009.1_80095657_84198031
HG00733#1#JAHEPQ010000009.1_80095657_84198031	HG00733#1#JAHEPQ010000009.1_80095657_84198031	94.551	1725	70	10	24	4102375	3365766	3367477	4102375	2184787	2183074	0.0	2954	2664	minus	HG00733#1#JAHEPQ010000009.1_80095657_84198031
HG00733#1#JAHEPQ010000009.1_80095657_84198031	HG00733#1#JAHEPQ010000009.1_80095657_84198031	94.551	1725	70	10	24	4102375	2883212	2884923	4102375	2184787	2183074	0.0	2954	2664	minus	HG00733#1#JAHEPQ010000009.1_80095657_84198031
HG00733#1#JAHEPQ010000009.1_80095657_84198031	HG00733#1#JAHEPQ010000009.1_80095657_84198031	94.551	1725	70	10	24	4102375	2183074	2184787	4102375	2884923	2883212	0.0	2954	2664	minus	HG00733#1#JAHEPQ010000009.1_80095657_84198031
HG00733#1#JAHEPQ010000009.1_80095657_84198031	HG00733#1#JAHEPQ010000009.1_80095657_84198031	94.551	1725	70	10	24	4102375	2183074	2184787	4102375	3367477	3365766	0.0	2954	2664	minus	HG00733#1#JAHEPQ010000009.1_80095657_84198031
HG00733#1#JAHEPQ010000009.1_80095657_84198031	HG00733#1#JAHEPQ010000009.1_80095657_84198031	94.493	1725	71	10	24	4102375	2400544	2402255	4102375	2184787	2183074	0.0	2949	2660	minus	HG00733#1#JAHEPQ010000009.1_80095657_84198031
HG00733#1#JAHEPQ010000009.1_80095657_84198031	HG00733#1#JAHEPQ010000009.1_80095657_84198031	94.493	1725	71	10	24	4102375	2183074	2184787	4102375	2402255	2400544	0.0	2949	2660	minus	HG00733#1#JAHEPQ010000009.1_80095657_84198031
HG00733#1#JAHEPQ010000009.1_80095657_84198031	HG00733#1#JAHEPQ010000009.1_80095657_84198031	94.435	1725	72	10	24	4102375	3925287	3927000	4102375	2883212	2884923	0.0	2944	2655	plus	HG00733#1#JAHEPQ010000009.1_80095657_84198031
HG00733#1#JAHEPQ010000009.1_80095657_84198031	HG00733#1#JAHEPQ010000009.1_80095657_84198031	94.435	1725	72	10	24	4102375	3925287	3927000	4102375	3365766	3367477	0.0	2944	2655	plus	HG00733#1#JAHEPQ010000009.1_80095657_84198031
HG00733#1#JAHEPQ010000009.1_80095657_84198031	HG00733#1#JAHEPQ010000009.1_80095657_84198031	94.435	1725	72	10	24	4102375	2883212	2884923	4102375	3925287	3927000	0.0	2944	2655	plus	HG00733#1#JAHEPQ010000009.1_80095657_84198031
HG00733#1#JAHEPQ010000009.1_80095657_84198031	HG00733#1#JAHEPQ010000009.1_80095657_84198031	94.435	1725	72	10	24	4102375	3365766	3367477	4102375	3925287	3927000	0.0	2944	2655	plus	HG00733#1#JAHEPQ010000009.1_80095657_84198031
HG00733#1#JAHEPQ010000009.1_80095657_84198031	HG00733#1#JAHEPQ010000009.1_80095657_84198031	94.377	1725	73	10	24	4102375	3925287	3927000	4102375	2400544	2402255	0.0	2939	2651	plus	HG00733#1#JAHEPQ010000009.1_80095657_84198031
HG00733#1#JAHEPQ010000009.1_80095657_84198031	HG00733#1#JAHEPQ010000009.1_80095657_84198031	94.377	1725	73	10	24	4102375	2400544	2402255	4102375	3925287	3927000	0.0	2939	2651	plus	HG00733#1#JAHEPQ010000009.1_80095657_84198031
HG00733#1#JAHEPQ010000009.1_80095657_84198031	HG00733#1#JAHEPQ010000009.1_80095657_84198031	77.542	3491	509	80	275	4102375	3799805	3803171	4102375	933544	930205	0.0	2937	2649	minus	HG00733#1#JAHEPQ010000009.1_80095657_84198031
HG00733#1#JAHEPQ010000009.1_80095657_84198031	HG00733#1#JAHEPQ010000009.1_80095657_84198031	77.542	3491	509	80	275	4102375	930205	933544	4102375	3803171	3799805	0.0	2937	2649	minus	HG00733#1#JAHEPQ010000009.1_80095657_84198031
HG00733#1#JAHEPQ010000009.1_80095657_84198031	HG00733#1#JAHEPQ010000009.1_80095657_84198031	94.155	1728	73	12	28	4102375	3862143	3863856	4102375	734700	736413	0.0	2919	2633	plus	HG00733#1#JAHEPQ010000009.1_80095657_84198031
HG00733#1#JAHEPQ010000009.1_80095657_84198031	HG00733#1#JAHEPQ010000009.1_80095657_84198031	94.155	1728	73	12	28	4102375	734700	736413	4102375	3862143	3863856	0.0	2919	2633	plus	HG00733#1#JAHEPQ010000009.1_80095657_84198031
HG00733#1#JAHEPQ010000009.1_80095657_84198031	HG00733#1#JAHEPQ010000009.1_80095657_84198031	94.039	1728	75	12	28	4102375	2183074	2184787	4102375	734700	736413	0.0	2909	2624	plus	HG00733#1#JAHEPQ010000009.1_80095657_84198031
HG00733#1#JAHEPQ010000009.1_80095657_84198031	HG00733#1#JAHEPQ010000009.1_80095657_84198031	94.039	1728	75	12	28	4102375	734700	736413	4102375	2183074	2184787	0.0	2909	2624	plus	HG00733#1#JAHEPQ010000009.1_80095657_84198031
HG00733#1#JAHEPQ010000009.1_80095657_84198031	HG00733#1#JAHEPQ010000009.1_80095657_84198031	93.924	1728	77	12	28	4102375	3925287	3927000	4102375	736413	734700	0.0	2899	2615	minus	HG00733#1#JAHEPQ010000009.1_80095657_84198031
HG00733#1#JAHEPQ010000009.1_80095657_84198031	HG00733#1#JAHEPQ010000009.1_80095657_84198031	98.170	1530	19	6	9	4102375	3905040	3906568	4102375	1514526	1516047	0.0	2899	2615	plus	HG00733#1#JAHEPQ010000009.1_80095657_84198031
HG00733#1#JAHEPQ010000009.1_80095657_84198031	HG00733#1#JAHEPQ010000009.1_80095657_84198031	98.170	1530	19	6	9	4102375	1514526	1516047	4102375	3905040	3906568	0.0	2899	2615	plus	HG00733#1#JAHEPQ010000009.1_80095657_84198031
HG00733#1#JAHEPQ010000009.1_80095657_84198031	HG00733#1#JAHEPQ010000009.1_80095657_84198031	93.924	1728	77	12	28	4102375	734700	736413	4102375	3927000	3925287	0.0	2899	2615	minus	HG00733#1#JAHEPQ010000009.1_80095657_84198031
HG00733#1#JAHEPQ010000009.1_80095657_84198031	HG00733#1#JAHEPQ010000009.1_80095657_84198031	98.105	1530	20	6	9	4102375	2225973	2227501	4102375	1514526	1516047	0.0	2894	2610	plus	HG00733#1#JAHEPQ010000009.1_80095657_84198031
HG00733#1#JAHEPQ010000009.1_80095657_84198031	HG00733#1#JAHEPQ010000009.1_80095657_84198031	98.105	1530	20	6	9	4102375	1514526	1516047	4102375	2225973	2227501	0.0	2894	2610	plus	HG00733#1#JAHEPQ010000009.1_80095657_84198031
HG00733#1#JAHEPQ010000009.1_80095657_84198031	HG00733#1#JAHEPQ010000009.1_80095657_84198031	77.157	3489	524	79	273	4102375	2121143	2124507	4102375	933544	930205	0.0	2871	2590	minus	HG00733#1#JAHEPQ010000009.1_80095657_84198031
HG00733#1#JAHEPQ010000009.1_80095657_84198031	HG00733#1#JAHEPQ010000009.1_80095657_84198031	77.157	3489	524	79	273	4102375	930205	933544	4102375	2124507	2121143	0.0	2871	2590	minus	HG00733#1#JAHEPQ010000009.1_80095657_84198031
HG00733#1#JAHEPQ010000009.1_80095657_84198031	HG00733#1#JAHEPQ010000009.1_80095657_84198031	81.887	2374	358	5	72	4102375	962329	964630	4102375	962419	964792	0.0	2645	2386	plus	HG00733#1#JAHEPQ010000009.1_80095657_84198031
HG00733#1#JAHEPQ010000009.1_80095657_84198031	HG00733#1#JAHEPQ010000009.1_80095657_84198031	82.629	2320	400	1	3	4102375	962476	964792	4102375	962311	964630	0.0	2623	2366	plus	HG00733#1#JAHEPQ010000009.1_80095657_84198031
HG00733#1#JAHEPQ010000009.1_80095657_84198031	HG00733#1#JAHEPQ010000009.1_80095657_84198031	83.249	2173	307	7	57	4102375	962662	964795	4102375	962299	964453	0.0	2548	2298	plus	HG00733#1#JAHEPQ010000009.1_80095657_84198031
HG00733#1#JAHEPQ010000009.1_80095657_84198031	HG00733#1#JAHEPQ010000009.1_80095657_84198031	83.249	2173	307	7	57	4102375	962299	964453	4102375	962662	964795	0.0	2548	2298	plus	HG00733#1#JAHEPQ010000009.1_80095657_84198031
HG00733#1#JAHEPQ010000009.1_80095657_84198031	HG00733#1#JAHEPQ010000009.1_80095657_84198031	84.981	2064	247	19	63	4102375	3986101	3988148	4102375	47449	45433	0.0	2546	2296	minus	HG00733#1#JAHEPQ010000009.1_80095657_84198031
HG00733#1#JAHEPQ010000009.1_80095657_84198031	HG00733#1#JAHEPQ010000009.1_80095657_84198031	84.981	2064	247	19	63	4102375	45433	47449	4102375	3988148	3986101	0.0	2546	2296	minus	HG00733#1#JAHEPQ010000009.1_80095657_84198031
HG00733#1#JAHEPQ010000009.1_80095657_84198031	HG00733#1#JAHEPQ010000009.1_80095657_84198031	86.772	1905	157	20	95	4102375	3795952	3797839	4102375	3770169	3768343	0.0	2545	2296	minus	HG00733#1#JAHEPQ010000009.1_80095657_84198031
HG00733#1#JAHEPQ010000009.1_80095657_84198031	HG00733#1#JAHEPQ010000009.1_80095657_84198031	86.772	1905	157	20	95	4102375	3768343	3770169	4102375	3797839	3795952	0.0	2545	2296	minus	HG00733#1#JAHEPQ010000009.1_80095657_84198031
HG00733#1#JAHEPQ010000009.1_80095657_84198031	HG00733#1#JAHEPQ010000009.1_80095657_84198031	85.917	1903	148	19	120	4102375	3768343	3770169	4102375	2119196	2117338	0.0	2491	2247	minus	HG00733#1#JAHEPQ010000009.1_80095657_84198031
HG00733#1#JAHEPQ010000009.1_80095657_84198031	HG00733#1#JAHEPQ010000009.1_80095657_84198031	85.917	1903	148	19	120	4102375	2117338	2119196	4102375	3770169	3768343	0.0	2491	2247	minus	HG00733#1#JAHEPQ010000009.1_80095657_84198031
HG00733#1#JAHEPQ010000009.1_80095657_84198031	HG00733#1#JAHEPQ010000009.1_80095657_84198031	85.579	1900	152	16	122	4102375	3970789	3972639	4102375	3770169	3768343	0.0	2472	2230	minus	HG00733#1#JAHEPQ010000009.1_80095657_84198031
HG00733#1#JAHEPQ010000009.1_80095657_84198031	HG00733#1#JAHEPQ010000009.1_80095657_84198031	85.579	1900	152	16	122	4102375	3768343	3770169	4102375	3972639	3970789	0.0	2472	2230	minus	HG00733#1#JAHEPQ010000009.1_80095657_84198031
HG00733#1#JAHEPQ010000009.1_80095657_84198031	HG00733#1#JAHEPQ010000009.1_80095657_84198031	92.803	1459	60	8	45	4102375	3965925	3967374	4102375	3790644	3792066	0.0	2398	2163	plus	HG00733#1#JAHEPQ010000009.1_80095657_84198031
HG00733#1#JAHEPQ010000009.1_80095657_84198031	HG00733#1#JAHEPQ010000009.1_80095657_84198031	92.803	1459	60	8	45	4102375	3790644	3792066	4102375	3965925	3967374	0.0	2398	2163	plus	HG00733#1#JAHEPQ010000009.1_80095657_84198031
HG00733#1#JAHEPQ010000009.1_80095657_84198031	HG00733#1#JAHEPQ010000009.1_80095657_84198031	92.608	1461	60	9	48	4102375	3965925	3967374	4102375	2112029	2113452	0.0	2385	2151	plus	HG00733#1#JAHEPQ010000009.1_80095657_84198031
HG00733#1#JAHEPQ010000009.1_80095657_84198031	HG00733#1#JAHEPQ010000009.1_80095657_84198031	92.608	1461	60	9	48	4102375	2112029	2113452	4102375	3965925	3967374	0.0	2385	2151	plus	HG00733#1#JAHEPQ010000009.1_80095657_84198031
HG00733#1#JAHEPQ010000009.1_80095657_84198031	HG00733#1#JAHEPQ010000009.1_80095657_84198031	91.325	1510	95	10	36	4102375	3923800	3925278	4102375	1687276	1688780	0.0	2351	2121	plus	HG00733#1#JAHEPQ010000009.1_80095657_84198031
HG00733#1#JAHEPQ010000009.1_80095657_84198031	HG00733#1#JAHEPQ010000009.1_80095657_84198031	91.325	1510	95	10	36	4102375	1687276	1688780	4102375	3923800	3925278	0.0	2351	2121	plus	HG00733#1#JAHEPQ010000009.1_80095657_84198031
HG00733#1#JAHEPQ010000009.1_80095657_84198031	HG00733#1#JAHEPQ010000009.1_80095657_84198031	80.361	2271	374	7	72	4102375	962579	964795	4102375	962327	964579	0.0	2349	2119	plus	HG00733#1#JAHEPQ010000009.1_80095657_84198031
HG00733#1#JAHEPQ010000009.1_80095657_84198031	HG00733#1#JAHEPQ010000009.1_80095657_84198031	81.139	2317	308	47	129	4102375	3763534	3765788	4102375	930205	932454	0.0	2343	2113	plus	HG00733#1#JAHEPQ010000009.1_80095657_84198031
HG00733#1#JAHEPQ010000009.1_80095657_84198031	HG00733#1#JAHEPQ010000009.1_80095657_84198031	81.096	2317	309	46	129	4102375	930205	932454	4102375	3763534	3765788	0.0	2343	2113	plus	HG00733#1#JAHEPQ010000009.1_80095657_84198031
HG00733#1#JAHEPQ010000009.1_80095657_84198031	HG00733#1#JAHEPQ010000009.1_80095657_84198031	91.192	1510	97	10	36	4102375	3923800	3925278	4102375	738079	736575	0.0	2341	2112	minus	HG00733#1#JAHEPQ010000009.1_80095657_84198031
HG00733#1#JAHEPQ010000009.1_80095657_84198031	HG00733#1#JAHEPQ010000009.1_80095657_84198031	80.983	2319	308	45	133	4102375	2085023	2087277	4102375	930205	932454	0.0	2341	2112	plus	HG00733#1#JAHEPQ010000009.1_80095657_84198031
HG00733#1#JAHEPQ010000009.1_80095657_84198031	HG00733#1#JAHEPQ010000009.1_80095657_84198031	91.192	1510	97	10	36	4102375	1687276	1688780	4102375	1533096	1534574	0.0	2341	2112	plus	HG00733#1#JAHEPQ010000009.1_80095657_84198031
HG00733#1#JAHEPQ010000009.1_80095657_84198031	HG00733#1#JAHEPQ010000009.1_80095657_84198031	91.192	1510	97	10	36	4102375	1533096	1534574	4102375	1687276	1688780	0.0	2341	2112	plus	HG00733#1#JAHEPQ010000009.1_80095657_84198031
HG00733#1#JAHEPQ010000009.1_80095657_84198031	HG00733#1#JAHEPQ010000009.1_80095657_84198031	80.983	2319	308	45	133	4102375	930205	932454	4102375	2085023	2087277	0.0	2341	2112	plus	HG00733#1#JAHEPQ010000009.1_80095657_84198031
HG00733#1#JAHEPQ010000009.1_80095657_84198031	HG00733#1#JAHEPQ010000009.1_80095657_84198031	91.192	1510	97	10	36	4102375	3923800	3925278	4102375	2881546	2883050	0.0	2341	2112	plus	HG00733#1#JAHEPQ010000009.1_80095657_84198031
HG00733#1#JAHEPQ010000009.1_80095657_84198031	HG00733#1#JAHEPQ010000009.1_80095657_84198031	91.192	1510	97	10	36	4102375	3923800	3925278	4102375	3364100	3365604	0.0	2341	2112	plus	HG00733#1#JAHEPQ010000009.1_80095657_84198031
HG00733#1#JAHEPQ010000009.1_80095657_84198031	HG00733#1#JAHEPQ010000009.1_80095657_84198031	91.192	1510	97	10	36	4102375	2881546	2883050	4102375	3923800	3925278	0.0	2341	2112	plus	HG00733#1#JAHEPQ010000009.1_80095657_84198031
HG00733#1#JAHEPQ010000009.1_80095657_84198031	HG00733#1#JAHEPQ010000009.1_80095657_84198031	91.192	1510	97	10	36	4102375	3364100	3365604	4102375	3923800	3925278	0.0	2341	2112	plus	HG00733#1#JAHEPQ010000009.1_80095657_84198031
HG00733#1#JAHEPQ010000009.1_80095657_84198031	HG00733#1#JAHEPQ010000009.1_80095657_84198031	91.192	1510	97	10	36	4102375	736575	738079	4102375	3925278	3923800	0.0	2341	2112	minus	HG00733#1#JAHEPQ010000009.1_80095657_84198031
HG00733#1#JAHEPQ010000009.1_80095657_84198031	HG00733#1#JAHEPQ010000009.1_80095657_84198031	91.060	1510	99	10	36	4102375	1533096	1534574	4102375	738079	736575	0.0	2331	2103	minus	HG00733#1#JAHEPQ010000009.1_80095657_84198031
HG00733#1#JAHEPQ010000009.1_80095657_84198031	HG00733#1#JAHEPQ010000009.1_80095657_84198031	91.060	1510	99	10	36	4102375	2881546	2883050	4102375	1533096	1534574	0.0	2331	2103	plus	HG00733#1#JAHEPQ010000009.1_80095657_84198031
HG00733#1#JAHEPQ010000009.1_80095657_84198031	HG00733#1#JAHEPQ010000009.1_80095657_84198031	91.060	1510	99	10	36	4102375	3364100	3365604	4102375	1533096	1534574	0.0	2331	2103	plus	HG00733#1#JAHEPQ010000009.1_80095657_84198031
HG00733#1#JAHEPQ010000009.1_80095657_84198031	HG00733#1#JAHEPQ010000009.1_80095657_84198031	91.060	1510	99	10	36	4102375	736575	738079	4102375	1534574	1533096	0.0	2331	2103	minus	HG00733#1#JAHEPQ010000009.1_80095657_84198031
HG00733#1#JAHEPQ010000009.1_80095657_84198031	HG00733#1#JAHEPQ010000009.1_80095657_84198031	91.060	1510	99	10	36	4102375	2244673	2246151	4102375	1687276	1688780	0.0	2331	2103	plus	HG00733#1#JAHEPQ010000009.1_80095657_84198031
HG00733#1#JAHEPQ010000009.1_80095657_84198031	HG00733#1#JAHEPQ010000009.1_80095657_84198031	91.060	1510	99	10	36	4102375	1687276	1688780	4102375	2244673	2246151	0.0	2331	2103	plus	HG00733#1#JAHEPQ010000009.1_80095657_84198031
HG00733#1#JAHEPQ010000009.1_80095657_84198031	HG00733#1#JAHEPQ010000009.1_80095657_84198031	91.060	1510	99	10	36	4102375	3923800	3925278	4102375	2398878	2400382	0.0	2331	2103	plus	HG00733#1#JAHEPQ010000009.1_80095657_84198031
HG00733#1#JAHEPQ010000009.1_80095657_84198031	HG00733#1#JAHEPQ010000009.1_80095657_84198031	91.060	1510	99	10	36	4102375	1533096	1534574	4102375	2881546	2883050	0.0	2331	2103	plus	HG00733#1#JAHEPQ010000009.1_80095657_84198031
HG00733#1#JAHEPQ010000009.1_80095657_84198031	HG00733#1#JAHEPQ010000009.1_80095657_84198031	91.060	1510	99	10	36	4102375	1533096	1534574	4102375	3364100	3365604	0.0	2331	2103	plus	HG00733#1#JAHEPQ010000009.1_80095657_84198031
HG00733#1#JAHEPQ010000009.1_80095657_84198031	HG00733#1#JAHEPQ010000009.1_80095657_84198031	91.060	1510	99	10	36	4102375	2398878	2400382	4102375	3923800	3925278	0.0	2331	2103	plus	HG00733#1#JAHEPQ010000009.1_80095657_84198031
HG00733#1#JAHEPQ010000009.1_80095657_84198031	HG00733#1#JAHEPQ010000009.1_80095657_84198031	80.875	2217	406	1	18	4102375	962327	964525	4102375	962579	964795	0.0	2327	2099	plus	HG00733#1#JAHEPQ010000009.1_80095657_84198031
HG00733#1#JAHEPQ010000009.1_80095657_84198031	HG00733#1#JAHEPQ010000009.1_80095657_84198031	90.927	1510	101	10	36	4102375	2244673	2246151	4102375	738079	736575	0.0	2321	2094	minus	HG00733#1#JAHEPQ010000009.1_80095657_84198031
HG00733#1#JAHEPQ010000009.1_80095657_84198031	HG00733#1#JAHEPQ010000009.1_80095657_84198031	90.927	1510	101	10	36	4102375	2398878	2400382	4102375	1533096	1534574	0.0	2321	2094	plus	HG00733#1#JAHEPQ010000009.1_80095657_84198031
HG00733#1#JAHEPQ010000009.1_80095657_84198031	HG00733#1#JAHEPQ010000009.1_80095657_84198031	90.927	1510	101	10	36	4102375	2881546	2883050	4102375	2244673	2246151	0.0	2321	2094	plus	HG00733#1#JAHEPQ010000009.1_80095657_84198031
HG00733#1#JAHEPQ010000009.1_80095657_84198031	HG00733#1#JAHEPQ010000009.1_80095657_84198031	90.927	1510	101	10	36	4102375	3364100	3365604	4102375	2244673	2246151	0.0	2321	2094	plus	HG00733#1#JAHEPQ010000009.1_80095657_84198031
HG00733#1#JAHEPQ010000009.1_80095657_84198031	HG00733#1#JAHEPQ010000009.1_80095657_84198031	90.927	1510	101	10	36	4102375	736575	738079	4102375	2246151	2244673	0.0	2321	2094	minus	HG00733#1#JAHEPQ010000009.1_80095657_84198031
HG00733#1#JAHEPQ010000009.1_80095657_84198031	HG00733#1#JAHEPQ010000009.1_80095657_84198031	90.927	1510	101	10	36	4102375	1533096	1534574	4102375	2398878	2400382	0.0	2321	2094	plus	HG00733#1#JAHEPQ010000009.1_80095657_84198031
HG00733#1#JAHEPQ010000009.1_80095657_84198031	HG00733#1#JAHEPQ010000009.1_80095657_84198031	90.927	1510	101	10	36	4102375	2244673	2246151	4102375	2881546	2883050	0.0	2321	2094	plus	HG00733#1#JAHEPQ010000009.1_80095657_84198031
HG00733#1#JAHEPQ010000009.1_80095657_84198031	HG00733#1#JAHEPQ010000009.1_80095657_84198031	90.927	1510	101	10	36	4102375	2244673	2246151	4102375	3364100	3365604	0.0	2321	2094	plus	HG00733#1#JAHEPQ010000009.1_80095657_84198031
HG00733#1#JAHEPQ010000009.1_80095657_84198031	HG00733#1#JAHEPQ010000009.1_80095657_84198031	90.795	1510	103	10	36	4102375	2398878	2400382	4102375	2244673	2246151	0.0	2311	2085	plus	HG00733#1#JAHEPQ010000009.1_80095657_84198031
HG00733#1#JAHEPQ010000009.1_80095657_84198031	HG00733#1#JAHEPQ010000009.1_80095657_84198031	90.795	1510	103	10	36	4102375	2244673	2246151	4102375	2398878	2400382	0.0	2311	2085	plus	HG00733#1#JAHEPQ010000009.1_80095657_84198031
HG00733#1#JAHEPQ010000009.1_80095657_84198031	HG00733#1#JAHEPQ010000009.1_80095657_84198031	86.513	1824	140	43	106	4102375	1051111	1052870	4102375	1050938	1052719	0.0	2309	2083	plus	HG00733#1#JAHEPQ010000009.1_80095657_84198031
HG00733#1#JAHEPQ010000009.1_80095657_84198031	HG00733#1#JAHEPQ010000009.1_80095657_84198031	87.315	1687	169	11	45	4102375	1377601	1379285	4102375	47086	45443	0.0	2294	2069	minus	HG00733#1#JAHEPQ010000009.1_80095657_84198031
HG00733#1#JAHEPQ010000009.1_80095657_84198031	HG00733#1#JAHEPQ010000009.1_80095657_84198031	87.315	1687	169	11	45	4102375	45443	47086	4102375	1379285	1377601	0.0	2294	2069	minus	HG00733#1#JAHEPQ010000009.1_80095657_84198031
HG00733#1#JAHEPQ010000009.1_80095657_84198031	HG00733#1#JAHEPQ010000009.1_80095657_84198031	74.380	3224	655	58	171	4102375	1639999	1643148	4102375	943242	946368	0.0	2199	1984	plus	HG00733#1#JAHEPQ010000009.1_80095657_84198031
HG00733#1#JAHEPQ010000009.1_80095657_84198031	HG00733#1#JAHEPQ010000009.1_80095657_84198031	74.380	3224	655	58	171	4102375	943242	946368	4102375	1639999	1643148	0.0	2199	1984	plus	HG00733#1#JAHEPQ010000009.1_80095657_84198031
HG00733#1#JAHEPQ010000009.1_80095657_84198031	HG00733#1#JAHEPQ010000009.1_80095657_84198031	74.287	3224	657	56	172	4102375	2834307	2837456	4102375	943243	946368	0.0	2195	1980	plus	HG00733#1#JAHEPQ010000009.1_80095657_84198031
HG00733#1#JAHEPQ010000009.1_80095657_84198031	HG00733#1#JAHEPQ010000009.1_80095657_84198031	74.287	3224	657	56	172	4102375	3316861	3320010	4102375	943243	946368	0.0	2195	1980	plus	HG00733#1#JAHEPQ010000009.1_80095657_84198031
HG00733#1#JAHEPQ010000009.1_80095657_84198031	HG00733#1#JAHEPQ010000009.1_80095657_84198031	74.287	3224	657	56	172	4102375	943243	946368	4102375	2834307	2837456	0.0	2195	1980	plus	HG00733#1#JAHEPQ010000009.1_80095657_84198031
HG00733#1#JAHEPQ010000009.1_80095657_84198031	HG00733#1#JAHEPQ010000009.1_80095657_84198031	74.287	3224	657	56	172	4102375	943243	946368	4102375	3316861	3320010	0.0	2195	1980	plus	HG00733#1#JAHEPQ010000009.1_80095657_84198031
HG00733#1#JAHEPQ010000009.1_80095657_84198031	HG00733#1#JAHEPQ010000009.1_80095657_84198031	74.349	3224	656	58	171	4102375	2351570	2354719	4102375	943242	946368	0.0	2194	1979	plus	HG00733#1#JAHEPQ010000009.1_80095657_84198031
HG00733#1#JAHEPQ010000009.1_80095657_84198031	HG00733#1#JAHEPQ010000009.1_80095657_84198031	74.349	3224	656	58	171	4102375	943242	946368	4102375	2351570	2354719	0.0	2194	1979	plus	HG00733#1#JAHEPQ010000009.1_80095657_84198031
HG00733#1#JAHEPQ010000009.1_80095657_84198031	HG00733#1#JAHEPQ010000009.1_80095657_84198031	74.256	3224	658	56	172	4102375	943243	946368	4102375	785334	782185	0.0	2190	1975	minus	HG00733#1#JAHEPQ010000009.1_80095657_84198031
HG00733#1#JAHEPQ010000009.1_80095657_84198031	HG00733#1#JAHEPQ010000009.1_80095657_84198031	74.256	3224	658	56	172	4102375	782185	785334	4102375	946368	943243	0.0	2190	1975	minus	HG00733#1#JAHEPQ010000009.1_80095657_84198031
HG00733#1#JAHEPQ010000009.1_80095657_84198031	HG00733#1#JAHEPQ010000009.1_80095657_84198031	89.322	1489	146	6	13	4102375	1377779	1379267	4102375	73936	75411	0.0	2166	1954	plus	HG00733#1#JAHEPQ010000009.1_80095657_84198031
HG00733#1#JAHEPQ010000009.1_80095657_84198031	HG00733#1#JAHEPQ010000009.1_80095657_84198031	89.322	1489	146	6	13	4102375	73936	75411	4102375	1377779	1379267	0.0	2166	1954	plus	HG00733#1#JAHEPQ010000009.1_80095657_84198031
HG00733#1#JAHEPQ010000009.1_80095657_84198031	HG00733#1#JAHEPQ010000009.1_80095657_84198031	75.891	2862	524	61	166	4102375	943554	946347	4102375	86002	83239	0.0	2135	1926	minus	HG00733#1#JAHEPQ010000009.1_80095657_84198031
HG00733#1#JAHEPQ010000009.1_80095657_84198031	HG00733#1#JAHEPQ010000009.1_80095657_84198031	75.891	2862	524	61	166	4102375	83239	86002	4102375	946347	943554	0.0	2135	1926	minus	HG00733#1#JAHEPQ010000009.1_80095657_84198031
HG00733#1#JAHEPQ010000009.1_80095657_84198031	HG00733#1#JAHEPQ010000009.1_80095657_84198031	89.053	1489	124	14	39	4102375	73936	75413	4102375	46907	45447	0.0	2132	1923	minus	HG00733#1#JAHEPQ010000009.1_80095657_84198031
HG00733#1#JAHEPQ010000009.1_80095657_84198031	HG00733#1#JAHEPQ010000009.1_80095657_84198031	89.053	1489	124	14	39	4102375	45447	46907	4102375	75413	73936	0.0	2132	1923	minus	HG00733#1#JAHEPQ010000009.1_80095657_84198031
HG00733#1#JAHEPQ010000009.1_80095657_84198031	HG00733#1#JAHEPQ010000009.1_80095657_84198031	83.927	1742	184	11	96	4102375	3972424	3974070	4102375	3768462	3766722	0.0	2125	1917	minus	HG00733#1#JAHEPQ010000009.1_80095657_84198031
HG00733#1#JAHEPQ010000009.1_80095657_84198031	HG00733#1#JAHEPQ010000009.1_80095657_84198031	83.927	1742	184	11	96	4102375	3766722	3768462	4102375	3974070	3972424	0.0	2125	1917	minus	HG00733#1#JAHEPQ010000009.1_80095657_84198031
HG00733#1#JAHEPQ010000009.1_80095657_84198031	HG00733#1#JAHEPQ010000009.1_80095657_84198031	80.488	2009	335	4	57	4102375	962299	964253	4102375	962788	964793	0.0	2095	1890	plus	HG00733#1#JAHEPQ010000009.1_80095657_84198031
HG00733#1#JAHEPQ010000009.1_80095657_84198031	HG00733#1#JAHEPQ010000009.1_80095657_84198031	85.323	1642	170	11	71	4102375	3766722	3768360	4102375	2120626	2119053	0.0	2095	1890	minus	HG00733#1#JAHEPQ010000009.1_80095657_84198031
HG00733#1#JAHEPQ010000009.1_80095657_84198031	HG00733#1#JAHEPQ010000009.1_80095657_84198031	85.323	1642	170	11	71	4102375	2119053	2120626	4102375	3768360	3766722	0.0	2095	1890	minus	HG00733#1#JAHEPQ010000009.1_80095657_84198031
HG00733#1#JAHEPQ010000009.1_80095657_84198031	HG00733#1#JAHEPQ010000009.1_80095657_84198031	85.176	1646	174	10	70	4102375	3797690	3799269	4102375	3768363	3766722	0.0	2092	1887	minus	HG00733#1#JAHEPQ010000009.1_80095657_84198031
HG00733#1#JAHEPQ010000009.1_80095657_84198031	HG00733#1#JAHEPQ010000009.1_80095657_84198031	85.176	1646	174	10	70	4102375	3766722	3768363	4102375	3799269	3797690	0.0	2092	1887	minus	HG00733#1#JAHEPQ010000009.1_80095657_84198031
HG00733#1#JAHEPQ010000009.1_80095657_84198031	HG00733#1#JAHEPQ010000009.1_80095657_84198031	81.620	1926	354	0	0	4102375	962868	964793	4102375	962328	964253	0.0	2082	1878	plus	HG00733#1#JAHEPQ010000009.1_80095657_84198031
HG00733#1#JAHEPQ010000009.1_80095657_84198031	HG00733#1#JAHEPQ010000009.1_80095657_84198031	84.688	1685	225	8	33	4102375	3986465	3988134	4102375	1377601	1379267	0.0	2073	1870	plus	HG00733#1#JAHEPQ010000009.1_80095657_84198031
HG00733#1#JAHEPQ010000009.1_80095657_84198031	HG00733#1#JAHEPQ010000009.1_80095657_84198031	84.688	1685	225	8	33	4102375	1377601	1379267	4102375	3986465	3988134	0.0	2073	1870	plus	HG00733#1#JAHEPQ010000009.1_80095657_84198031
HG00733#1#JAHEPQ010000009.1_80095657_84198031	HG00733#1#JAHEPQ010000009.1_80095657_84198031	80.128	2033	364	5	40	4102375	962788	964799	4102375	962299	964312	0.0	2061	1859	plus	HG00733#1#JAHEPQ010000009.1_80095657_84198031
HG00733#1#JAHEPQ010000009.1_80095657_84198031	HG00733#1#JAHEPQ010000009.1_80095657_84198031	84.786	1709	124	41	136	4102375	1051223	1052858	4102375	1050938	1052583	0.0	2049	1848	plus	HG00733#1#JAHEPQ010000009.1_80095657_84198031
HG00733#1#JAHEPQ010000009.1_80095657_84198031	HG00733#1#JAHEPQ010000009.1_80095657_84198031	86.099	1597	173	20	49	4102375	3835474	3837043	4102375	2054650	2053076	0.0	2033	1834	minus	HG00733#1#JAHEPQ010000009.1_80095657_84198031
HG00733#1#JAHEPQ010000009.1_80095657_84198031	HG00733#1#JAHEPQ010000009.1_80095657_84198031	86.099	1597	173	20	49	4102375	2156819	2158388	4102375	2054650	2053076	0.0	2033	1834	minus	HG00733#1#JAHEPQ010000009.1_80095657_84198031
HG00733#1#JAHEPQ010000009.1_80095657_84198031	HG00733#1#JAHEPQ010000009.1_80095657_84198031	86.099	1597	173	20	49	4102375	3731587	3733161	4102375	2158388	2156819	0.0	2033	1834	minus	HG00733#1#JAHEPQ010000009.1_80095657_84198031
HG00733#1#JAHEPQ010000009.1_80095657_84198031	HG00733#1#JAHEPQ010000009.1_80095657_84198031	86.099	1597	173	20	49	4102375	2053076	2054650	4102375	2158388	2156819	0.0	2033	1834	minus	HG00733#1#JAHEPQ010000009.1_80095657_84198031
HG00733#1#JAHEPQ010000009.1_80095657_84198031	HG00733#1#JAHEPQ010000009.1_80095657_84198031	86.099	1597	173	20	49	4102375	3835474	3837043	4102375	3733161	3731587	0.0	2033	1834	minus	HG00733#1#JAHEPQ010000009.1_80095657_84198031
HG00733#1#JAHEPQ010000009.1_80095657_84198031	HG00733#1#JAHEPQ010000009.1_80095657_84198031	86.099	1597	173	20	49	4102375	2156819	2158388	4102375	3733161	3731587	0.0	2033	1834	minus	HG00733#1#JAHEPQ010000009.1_80095657_84198031
HG00733#1#JAHEPQ010000009.1_80095657_84198031	HG00733#1#JAHEPQ010000009.1_80095657_84198031	86.099	1597	173	20	49	4102375	3731587	3733161	4102375	3837043	3835474	0.0	2033	1834	minus	HG00733#1#JAHEPQ010000009.1_80095657_84198031
HG00733#1#JAHEPQ010000009.1_80095657_84198031	HG00733#1#JAHEPQ010000009.1_80095657_84198031	86.099	1597	173	20	49	4102375	2053076	2054650	4102375	3837043	3835474	0.0	2033	1834	minus	HG00733#1#JAHEPQ010000009.1_80095657_84198031
HG00733#1#JAHEPQ010000009.1_80095657_84198031	HG00733#1#JAHEPQ010000009.1_80095657_84198031	80.360	1889	353	3	18	4102375	962329	964199	4102375	962905	964793	0.0	1926	1737	plus	HG00733#1#JAHEPQ010000009.1_80095657_84198031
HG00733#1#JAHEPQ010000009.1_80095657_84198031	HG00733#1#JAHEPQ010000009.1_80095657_84198031	85.676	1501	184	10	31	4102375	3986644	3988136	4102375	73936	75413	0.0	1908	1721	plus	HG00733#1#JAHEPQ010000009.1_80095657_84198031
HG00733#1#JAHEPQ010000009.1_80095657_84198031	HG00733#1#JAHEPQ010000009.1_80095657_84198031	85.676	1501	184	10	31	4102375	73936	75413	4102375	3986644	3988136	0.0	1908	1721	plus	HG00733#1#JAHEPQ010000009.1_80095657_84198031
HG00733#1#JAHEPQ010000009.1_80095657_84198031	HG00733#1#JAHEPQ010000009.1_80095657_84198031	84.890	1595	113	42	128	4102375	1051343	1052858	4102375	1050938	1052483	0.0	1903	1717	plus	HG00733#1#JAHEPQ010000009.1_80095657_84198031
HG00733#1#JAHEPQ010000009.1_80095657_84198031	HG00733#1#JAHEPQ010000009.1_80095657_84198031	81.419	1776	204	27	126	4102375	2073324	2075034	4102375	959113	960827	0.0	1893	1708	plus	HG00733#1#JAHEPQ010000009.1_80095657_84198031
HG00733#1#JAHEPQ010000009.1_80095657_84198031	HG00733#1#JAHEPQ010000009.1_80095657_84198031	81.419	1776	204	27	126	4102375	959113	960827	4102375	2073324	2075034	0.0	1893	1708	plus	HG00733#1#JAHEPQ010000009.1_80095657_84198031
HG00733#1#JAHEPQ010000009.1_80095657_84198031	HG00733#1#JAHEPQ010000009.1_80095657_84198031	83.091	1650	180	25	99	4102375	2120956	2122549	4102375	2088214	2086608	0.0	1879	1695	minus	HG00733#1#JAHEPQ010000009.1_80095657_84198031
HG00733#1#JAHEPQ010000009.1_80095657_84198031	HG00733#1#JAHEPQ010000009.1_80095657_84198031	83.091	1650	180	25	99	4102375	2086608	2088214	4102375	2122549	2120956	0.0	1879	1695	minus	HG00733#1#JAHEPQ010000009.1_80095657_84198031
HG00733#1#JAHEPQ010000009.1_80095657_84198031	HG00733#1#JAHEPQ010000009.1_80095657_84198031	79.724	1884	343	4	39	4102375	962298	964145	4102375	962913	964793	0.0	1877	1693	plus	HG00733#1#JAHEPQ010000009.1_80095657_84198031
HG00733#1#JAHEPQ010000009.1_80095657_84198031	HG00733#1#JAHEPQ010000009.1_80095657_84198031	82.970	1650	182	25	99	4102375	3765119	3766725	4102375	2122549	2120956	0.0	1869	1686	minus	HG00733#1#JAHEPQ010000009.1_80095657_84198031
HG00733#1#JAHEPQ010000009.1_80095657_84198031	HG00733#1#JAHEPQ010000009.1_80095657_84198031	82.970	1650	182	25	99	4102375	2120956	2122549	4102375	3766725	3765119	0.0	1869	1686	minus	HG00733#1#JAHEPQ010000009.1_80095657_84198031
HG00733#1#JAHEPQ010000009.1_80095657_84198031	HG00733#1#JAHEPQ010000009.1_80095657_84198031	82.928	1646	192	22	89	4102375	3799618	3801213	4102375	2088214	2086608	0.0	1866	1683	minus	HG00733#1#JAHEPQ010000009.1_80095657_84198031
HG00733#1#JAHEPQ010000009.1_80095657_84198031	HG00733#1#JAHEPQ010000009.1_80095657_84198031	82.928	1646	192	22	89	4102375	2086608	2088214	4102375	3801213	3799618	0.0	1866	1683	minus	HG00733#1#JAHEPQ010000009.1_80095657_84198031
HG00733#1#JAHEPQ010000009.1_80095657_84198031	HG00733#1#JAHEPQ010000009.1_80095657_84198031	81.116	1774	209	27	126	4102375	3751841	3753549	4102375	959115	960827	0.0	1864	1682	plus	HG00733#1#JAHEPQ010000009.1_80095657_84198031
HG00733#1#JAHEPQ010000009.1_80095657_84198031	HG00733#1#JAHEPQ010000009.1_80095657_84198031	81.116	1774	209	27	126	4102375	959115	960827	4102375	3751841	3753549	0.0	1864	1682	plus	HG00733#1#JAHEPQ010000009.1_80095657_84198031
HG00733#1#JAHEPQ010000009.1_80095657_84198031	HG00733#1#JAHEPQ010000009.1_80095657_84198031	82.807	1646	194	22	89	4102375	3799618	3801213	4102375	3766725	3765119	0.0	1856	1674	minus	HG00733#1#JAHEPQ010000009.1_80095657_84198031
HG00733#1#JAHEPQ010000009.1_80095657_84198031	HG00733#1#JAHEPQ010000009.1_80095657_84198031	82.807	1646	194	22	89	4102375	3765119	3766725	4102375	3801213	3799618	0.0	1856	1674	minus	HG00733#1#JAHEPQ010000009.1_80095657_84198031
HG00733#1#JAHEPQ010000009.1_80095657_84198031	HG00733#1#JAHEPQ010000009.1_80095657_84198031	80.253	1818	341	2	18	4102375	962994	964793	4102375	962328	964145	0.0	1849	1668	plus	HG00733#1#JAHEPQ010000009.1_80095657_84198031
HG00733#1#JAHEPQ010000009.1_80095657_84198031	HG00733#1#JAHEPQ010000009.1_80095657_84198031	82.128	1645	166	22	128	4102375	3974417	3975972	4102375	2088213	2086608	0.0	1838	1658	minus	HG00733#1#JAHEPQ010000009.1_80095657_84198031
HG00733#1#JAHEPQ010000009.1_80095657_84198031	HG00733#1#JAHEPQ010000009.1_80095657_84198031	82.128	1645	166	22	128	4102375	2086608	2088213	4102375	3975972	3974417	0.0	1838	1658	minus	HG00733#1#JAHEPQ010000009.1_80095657_84198031
HG00733#1#JAHEPQ010000009.1_80095657_84198031	HG00733#1#JAHEPQ010000009.1_80095657_84198031	82.006	1645	168	22	128	4102375	3974417	3975972	4102375	3766724	3765119	0.0	1828	1649	minus	HG00733#1#JAHEPQ010000009.1_80095657_84198031
HG00733#1#JAHEPQ010000009.1_80095657_84198031	HG00733#1#JAHEPQ010000009.1_80095657_84198031	82.006	1645	168	22	128	4102375	3765119	3766724	4102375	3975972	3974417	0.0	1828	1649	minus	HG00733#1#JAHEPQ010000009.1_80095657_84198031
HG00733#1#JAHEPQ010000009.1_80095657_84198031	HG00733#1#JAHEPQ010000009.1_80095657_84198031	81.314	1750	297	16	30	4102375	3986234	3987960	4102375	144131	145873	0.0	1815	1637	plus	HG00733#1#JAHEPQ010000009.1_80095657_84198031
HG00733#1#JAHEPQ010000009.1_80095657_84198031	HG00733#1#JAHEPQ010000009.1_80095657_84198031	81.314	1750	297	16	30	4102375	144131	145873	4102375	3986234	3987960	0.0	1815	1637	plus	HG00733#1#JAHEPQ010000009.1_80095657_84198031
HG00733#1#JAHEPQ010000009.1_80095657_84198031	HG00733#1#JAHEPQ010000009.1_80095657_84198031	84.085	1552	115	41	132	4102375	1051399	1052865	4102375	1050938	1052442	0.0	1796	1620	plus	HG00733#1#JAHEPQ010000009.1_80095657_84198031
HG00733#1#JAHEPQ010000009.1_80095657_84198031	HG00733#1#JAHEPQ010000009.1_80095657_84198031	85.848	1392	184	9	13	4102375	3763466	3764853	4102375	970566	971948	0.0	1767	1594	plus	HG00733#1#JAHEPQ010000009.1_80095657_84198031
HG00733#1#JAHEPQ010000009.1_80095657_84198031	HG00733#1#JAHEPQ010000009.1_80095657_84198031	85.848	1392	184	9	13	4102375	970566	971948	4102375	3763466	3764853	0.0	1767	1594	plus	HG00733#1#JAHEPQ010000009.1_80095657_84198031
HG00733#1#JAHEPQ010000009.1_80095657_84198031	HG00733#1#JAHEPQ010000009.1_80095657_84198031	79.333	1800	336	2	36	4102375	962328	964091	4102375	962994	964793	0.0	1766	1593	plus	HG00733#1#JAHEPQ010000009.1_80095657_84198031
HG00733#1#JAHEPQ010000009.1_80095657_84198031	HG00733#1#JAHEPQ010000009.1_80095657_84198031	91.164	1143	87	6	14	4102375	3969654	3970783	4102375	2099429	2098288	0.0	1765	1592	minus	HG00733#1#JAHEPQ010000009.1_80095657_84198031
HG00733#1#JAHEPQ010000009.1_80095657_84198031	HG00733#1#JAHEPQ010000009.1_80095657_84198031	91.164	1143	87	6	14	4102375	2098288	2099429	4102375	3970783	3969654	0.0	1765	1592	minus	HG00733#1#JAHEPQ010000009.1_80095657_84198031
HG00733#1#JAHEPQ010000009.1_80095657_84198031	HG00733#1#JAHEPQ010000009.1_80095657_84198031	85.776	1392	185	9	13	4102375	2084955	2086342	4102375	970566	971948	0.0	1762	1590	plus	HG00733#1#JAHEPQ010000009.1_80095657_84198031
HG00733#1#JAHEPQ010000009.1_80095657_84198031	HG00733#1#JAHEPQ010000009.1_80095657_84198031	85.776	1392	185	9	13	4102375	970566	971948	4102375	2084955	2086342	0.0	1762	1590	plus	HG00733#1#JAHEPQ010000009.1_80095657_84198031
HG00733#1#JAHEPQ010000009.1_80095657_84198031	HG00733#1#JAHEPQ010000009.1_80095657_84198031	91.076	1143	88	6	14	4102375	3969654	3970783	4102375	3778041	3776900	0.0	1760	1588	minus	HG00733#1#JAHEPQ010000009.1_80095657_84198031
HG00733#1#JAHEPQ010000009.1_80095657_84198031	HG00733#1#JAHEPQ010000009.1_80095657_84198031	91.076	1143	88	6	14	4102375	3776900	3778041	4102375	3970783	3969654	0.0	1760	1588	minus	HG00733#1#JAHEPQ010000009.1_80095657_84198031
HG00733#1#JAHEPQ010000009.1_80095657_84198031	HG00733#1#JAHEPQ010000009.1_80095657_84198031	73.066	2922	581	72	206	4102375	782177	785025	4102375	83215	86003	0.0	1755	1583	plus	HG00733#1#JAHEPQ010000009.1_80095657_84198031
HG00733#1#JAHEPQ010000009.1_80095657_84198031	HG00733#1#JAHEPQ010000009.1_80095657_84198031	73.066	2922	581	72	206	4102375	3317170	3320018	4102375	86003	83215	0.0	1755	1583	minus	HG00733#1#JAHEPQ010000009.1_80095657_84198031
HG00733#1#JAHEPQ010000009.1_80095657_84198031	HG00733#1#JAHEPQ010000009.1_80095657_84198031	73.066	2922	581	72	206	4102375	2834616	2837464	4102375	86003	83215	0.0	1755	1583	minus	HG00733#1#JAHEPQ010000009.1_80095657_84198031
HG00733#1#JAHEPQ010000009.1_80095657_84198031	HG00733#1#JAHEPQ010000009.1_80095657_84198031	73.066	2922	581	72	206	4102375	83215	86003	4102375	782177	785025	0.0	1755	1583	plus	HG00733#1#JAHEPQ010000009.1_80095657_84198031
HG00733#1#JAHEPQ010000009.1_80095657_84198031	HG00733#1#JAHEPQ010000009.1_80095657_84198031	73.066	2922	581	72	206	4102375	83215	86003	4102375	2837464	2834616	0.0	1755	1583	minus	HG00733#1#JAHEPQ010000009.1_80095657_84198031
HG00733#1#JAHEPQ010000009.1_80095657_84198031	HG00733#1#JAHEPQ010000009.1_80095657_84198031	73.066	2922	581	72	206	4102375	83215	86003	4102375	3320018	3317170	0.0	1755	1583	minus	HG00733#1#JAHEPQ010000009.1_80095657_84198031
HG00733#1#JAHEPQ010000009.1_80095657_84198031	HG00733#1#JAHEPQ010000009.1_80095657_84198031	73.032	2922	581	72	207	4102375	1640309	1643156	4102375	86003	83215	0.0	1751	1580	minus	HG00733#1#JAHEPQ010000009.1_80095657_84198031
HG00733#1#JAHEPQ010000009.1_80095657_84198031	HG00733#1#JAHEPQ010000009.1_80095657_84198031	73.032	2922	581	72	207	4102375	83215	86003	4102375	1643156	1640309	0.0	1751	1580	minus	HG00733#1#JAHEPQ010000009.1_80095657_84198031
HG00733#1#JAHEPQ010000009.1_80095657_84198031	HG00733#1#JAHEPQ010000009.1_80095657_84198031	84.911	1458	112	35	108	4102375	1051490	1052858	4102375	1050944	1052382	0.0	1749	1578	plus	HG00733#1#JAHEPQ010000009.1_80095657_84198031
HG00733#1#JAHEPQ010000009.1_80095657_84198031	HG00733#1#JAHEPQ010000009.1_80095657_84198031	72.998	2922	582	72	207	4102375	2351880	2354727	4102375	86003	83215	0.0	1746	1575	minus	HG00733#1#JAHEPQ010000009.1_80095657_84198031
HG00733#1#JAHEPQ010000009.1_80095657_84198031	HG00733#1#JAHEPQ010000009.1_80095657_84198031	72.998	2922	582	72	207	4102375	83215	86003	4102375	2354727	2351880	0.0	1746	1575	minus	HG00733#1#JAHEPQ010000009.1_80095657_84198031
HG00733#1#JAHEPQ010000009.1_80095657_84198031	HG00733#1#JAHEPQ010000009.1_80095657_84198031	85.447	1388	181	11	21	4102375	3976599	3977970	4102375	971948	970566	0.0	1732	1563	minus	HG00733#1#JAHEPQ010000009.1_80095657_84198031
HG00733#1#JAHEPQ010000009.1_80095657_84198031	HG00733#1#JAHEPQ010000009.1_80095657_84198031	85.447	1388	181	11	21	4102375	970566	971948	4102375	3977970	3976599	0.0	1732	1563	minus	HG00733#1#JAHEPQ010000009.1_80095657_84198031
HG00733#1#JAHEPQ010000009.1_80095657_84198031	HG00733#1#JAHEPQ010000009.1_80095657_84198031	78.953	1758	331	4	39	4102375	963057	964793	4102375	962298	964037	0.0	1685	1520	plus	HG00733#1#JAHEPQ010000009.1_80095657_84198031
HG00733#1#JAHEPQ010000009.1_80095657_84198031	HG00733#1#JAHEPQ010000009.1_80095657_84198031	78.953	1758	331	4	39	4102375	962298	964037	4102375	963057	964793	0.0	1685	1520	plus	HG00733#1#JAHEPQ010000009.1_80095657_84198031
HG00733#1#JAHEPQ010000009.1_80095657_84198031	HG00733#1#JAHEPQ010000009.1_80095657_84198031	88.623	1169	101	5	32	4102375	3794783	3795946	4102375	2099429	2098288	0.0	1680	1516	minus	HG00733#1#JAHEPQ010000009.1_80095657_84198031
HG00733#1#JAHEPQ010000009.1_80095657_84198031	HG00733#1#JAHEPQ010000009.1_80095657_84198031	88.623	1169	101	5	32	4102375	2098288	2099429	4102375	3795946	3794783	0.0	1680	1516	minus	HG00733#1#JAHEPQ010000009.1_80095657_84198031
HG00733#1#JAHEPQ010000009.1_80095657_84198031	HG00733#1#JAHEPQ010000009.1_80095657_84198031	88.537	1169	102	5	32	4102375	3794783	3795946	4102375	3778041	3776900	0.0	1675	1511	minus	HG00733#1#JAHEPQ010000009.1_80095657_84198031
HG00733#1#JAHEPQ010000009.1_80095657_84198031	HG00733#1#JAHEPQ010000009.1_80095657_84198031	88.537	1169	102	5	32	4102375	3776900	3778041	4102375	3795946	3794783	0.0	1675	1511	minus	HG00733#1#JAHEPQ010000009.1_80095657_84198031
HG00733#1#JAHEPQ010000009.1_80095657_84198031	HG00733#1#JAHEPQ010000009.1_80095657_84198031	80.540	1629	317	0	0	4102375	963165	964793	4102375	962355	963983	0.0	1673	1509	plus	HG00733#1#JAHEPQ010000009.1_80095657_84198031
HG00733#1#JAHEPQ010000009.1_80095657_84198031	HG00733#1#JAHEPQ010000009.1_80095657_84198031	80.540	1629	317	0	0	4102375	962355	963983	4102375	963165	964793	0.0	1673	1509	plus	HG00733#1#JAHEPQ010000009.1_80095657_84198031
HG00733#1#JAHEPQ010000009.1_80095657_84198031	HG00733#1#JAHEPQ010000009.1_80095657_84198031	88.281	1169	105	5	32	4102375	2116169	2117332	4102375	2099429	2098288	0.0	1660	1498	minus	HG00733#1#JAHEPQ010000009.1_80095657_84198031
HG00733#1#JAHEPQ010000009.1_80095657_84198031	HG00733#1#JAHEPQ010000009.1_80095657_84198031	88.281	1169	105	5	32	4102375	2098288	2099429	4102375	2117332	2116169	0.0	1660	1498	minus	HG00733#1#JAHEPQ010000009.1_80095657_84198031
HG00733#1#JAHEPQ010000009.1_80095657_84198031	HG00733#1#JAHEPQ010000009.1_80095657_84198031	88.195	1169	106	5	32	4102375	3776900	3778041	4102375	2117332	2116169	0.0	1655	1493	minus	HG00733#1#JAHEPQ010000009.1_80095657_84198031
HG00733#1#JAHEPQ010000009.1_80095657_84198031	HG00733#1#JAHEPQ010000009.1_80095657_84198031	88.195	1169	106	5	32	4102375	2116169	2117332	4102375	3778041	3776900	0.0	1655	1493	minus	HG00733#1#JAHEPQ010000009.1_80095657_84198031
HG00733#1#JAHEPQ010000009.1_80095657_84198031	HG00733#1#JAHEPQ010000009.1_80095657_84198031	85.390	1321	165	11	28	4102375	970633	971948	4102375	930205	931502	0.0	1650	1489	plus	HG00733#1#JAHEPQ010000009.1_80095657_84198031
HG00733#1#JAHEPQ010000009.1_80095657_84198031	HG00733#1#JAHEPQ010000009.1_80095657_84198031	85.390	1321	165	11	28	4102375	930205	931502	4102375	970633	971948	0.0	1650	1489	plus	HG00733#1#JAHEPQ010000009.1_80095657_84198031
HG00733#1#JAHEPQ010000009.1_80095657_84198031	HG00733#1#JAHEPQ010000009.1_80095657_84198031	70.073	3689	888	85	216	4102375	82434	85992	4102375	45608	49210	0.0	1649	1488	plus	HG00733#1#JAHEPQ010000009.1_80095657_84198031
HG00733#1#JAHEPQ010000009.1_80095657_84198031	HG00733#1#JAHEPQ010000009.1_80095657_84198031	70.073	3689	888	85	216	4102375	45608	49210	4102375	82434	85992	0.0	1649	1488	plus	HG00733#1#JAHEPQ010000009.1_80095657_84198031
HG00733#1#JAHEPQ010000009.1_80095657_84198031	HG00733#1#JAHEPQ010000009.1_80095657_84198031	79.007	1772	316	23	56	4102375	144131	145889	4102375	47315	45587	0.0	1625	1466	minus	HG00733#1#JAHEPQ010000009.1_80095657_84198031
HG00733#1#JAHEPQ010000009.1_80095657_84198031	HG00733#1#JAHEPQ010000009.1_80095657_84198031	79.007	1772	316	23	56	4102375	45587	47315	4102375	145889	144131	0.0	1625	1466	minus	HG00733#1#JAHEPQ010000009.1_80095657_84198031
HG00733#1#JAHEPQ010000009.1_80095657_84198031	HG00733#1#JAHEPQ010000009.1_80095657_84198031	91.562	1031	82	4	5	4102375	3833911	3834937	4102375	2056686	2055657	0.0	1612	1454	minus	HG00733#1#JAHEPQ010000009.1_80095657_84198031
HG00733#1#JAHEPQ010000009.1_80095657_84198031	HG00733#1#JAHEPQ010000009.1_80095657_84198031	91.562	1031	82	4	5	4102375	3833911	3834937	4102375	3735197	3734168	0.0	1612	1454	minus	HG00733#1#JAHEPQ010000009.1_80095657_84198031
HG00733#1#JAHEPQ010000009.1_80095657_84198031	HG00733#1#JAHEPQ010000009.1_80095657_84198031	91.562	1031	82	4	5	4102375	3734168	3735197	4102375	3834937	3833911	0.0	1612	1454	minus	HG00733#1#JAHEPQ010000009.1_80095657_84198031
HG00733#1#JAHEPQ010000009.1_80095657_84198031	HG00733#1#JAHEPQ010000009.1_80095657_84198031	91.562	1031	82	4	5	4102375	2055657	2056686	4102375	3834937	3833911	0.0	1612	1454	minus	HG00733#1#JAHEPQ010000009.1_80095657_84198031
HG00733#1#JAHEPQ010000009.1_80095657_84198031	HG00733#1#JAHEPQ010000009.1_80095657_84198031	91.465	1031	83	4	5	4102375	2155256	2156282	4102375	2056686	2055657	0.0	1607	1450	minus	HG00733#1#JAHEPQ010000009.1_80095657_84198031
HG00733#1#JAHEPQ010000009.1_80095657_84198031	HG00733#1#JAHEPQ010000009.1_80095657_84198031	91.465	1031	83	4	5	4102375	3734168	3735197	4102375	2156282	2155256	0.0	1607	1450	minus	HG00733#1#JAHEPQ010000009.1_80095657_84198031
HG00733#1#JAHEPQ010000009.1_80095657_84198031	HG00733#1#JAHEPQ010000009.1_80095657_84198031	91.465	1031	83	4	5	4102375	2055657	2056686	4102375	2156282	2155256	0.0	1607	1450	minus	HG00733#1#JAHEPQ010000009.1_80095657_84198031
HG00733#1#JAHEPQ010000009.1_80095657_84198031	HG00733#1#JAHEPQ010000009.1_80095657_84198031	91.465	1031	83	4	5	4102375	2155256	2156282	4102375	3735197	3734168	0.0	1607	1450	minus	HG00733#1#JAHEPQ010000009.1_80095657_84198031
HG00733#1#JAHEPQ010000009.1_80095657_84198031	HG00733#1#JAHEPQ010000009.1_80095657_84198031	79.644	1631	329	1	3	4102375	963166	964793	4102375	962299	963929	0.0	1600	1443	plus	HG00733#1#JAHEPQ010000009.1_80095657_84198031
HG00733#1#JAHEPQ010000009.1_80095657_84198031	HG00733#1#JAHEPQ010000009.1_80095657_84198031	79.644	1631	329	1	3	4102375	962299	963929	4102375	963166	964793	0.0	1600	1443	plus	HG00733#1#JAHEPQ010000009.1_80095657_84198031
HG00733#1#JAHEPQ010000009.1_80095657_84198031	HG00733#1#JAHEPQ010000009.1_80095657_84198031	82.642	1423	187	16	60	4102375	3801836	3803238	4102375	971948	970566	0.0	1591	1435	minus	HG00733#1#JAHEPQ010000009.1_80095657_84198031
HG00733#1#JAHEPQ010000009.1_80095657_84198031	HG00733#1#JAHEPQ010000009.1_80095657_84198031	82.642	1423	187	16	60	4102375	2123172	2124574	4102375	971948	970566	0.0	1591	1435	minus	HG00733#1#JAHEPQ010000009.1_80095657_84198031
HG00733#1#JAHEPQ010000009.1_80095657_84198031	HG00733#1#JAHEPQ010000009.1_80095657_84198031	82.642	1423	187	16	60	4102375	970566	971948	4102375	2124574	2123172	0.0	1591	1435	minus	HG00733#1#JAHEPQ010000009.1_80095657_84198031
HG00733#1#JAHEPQ010000009.1_80095657_84198031	HG00733#1#JAHEPQ010000009.1_80095657_84198031	82.642	1423	187	16	60	4102375	970566	971948	4102375	3803238	3801836	0.0	1591	1435	minus	HG00733#1#JAHEPQ010000009.1_80095657_84198031
HG00733#1#JAHEPQ010000009.1_80095657_84198031	HG00733#1#JAHEPQ010000009.1_80095657_84198031	92.703	973	71	0	0	4102375	3850154	3851126	4102375	3850078	3851050	0.0	1591	1435	plus	HG00733#1#JAHEPQ010000009.1_80095657_84198031
HG00733#1#JAHEPQ010000009.1_80095657_84198031	HG00733#1#JAHEPQ010000009.1_80095657_84198031	92.703	973	71	0	0	4102375	3850078	3851050	4102375	3850154	3851126	0.0	1591	1435	plus	HG00733#1#JAHEPQ010000009.1_80095657_84198031
HG00733#1#JAHEPQ010000009.1_80095657_84198031	HG00733#1#JAHEPQ010000009.1_80095657_84198031	81.788	1488	241	16	30	4102375	156645	158119	4102375	146034	144564	0.0	1571	1417	minus	HG00733#1#JAHEPQ010000009.1_80095657_84198031
HG00733#1#JAHEPQ010000009.1_80095657_84198031	HG00733#1#JAHEPQ010000009.1_80095657_84198031	81.788	1488	241	16	30	4102375	144564	146034	4102375	158119	156645	0.0	1571	1417	minus	HG00733#1#JAHEPQ010000009.1_80095657_84198031
HG00733#1#JAHEPQ010000009.1_80095657_84198031	HG00733#1#JAHEPQ010000009.1_80095657_84198031	95.169	890	35	2	8	4102375	2578979	2579860	4102375	1378397	1379286	0.0	1563	1410	plus	HG00733#1#JAHEPQ010000009.1_80095657_84198031
HG00733#1#JAHEPQ010000009.1_80095657_84198031	HG00733#1#JAHEPQ010000009.1_80095657_84198031	95.169	890	35	2	8	4102375	3061542	3062423	4102375	1378397	1379286	0.0	1563	1410	plus	HG00733#1#JAHEPQ010000009.1_80095657_84198031
HG00733#1#JAHEPQ010000009.1_80095657_84198031	HG00733#1#JAHEPQ010000009.1_80095657_84198031	95.169	890	35	2	8	4102375	3544096	3544977	4102375	1378397	1379286	0.0	1563	1410	plus	HG00733#1#JAHEPQ010000009.1_80095657_84198031
HG00733#1#JAHEPQ010000009.1_80095657_84198031	HG00733#1#JAHEPQ010000009.1_80095657_84198031	95.169	890	35	2	8	4102375	1378397	1379286	4102375	2578979	2579860	0.0	1563	1410	plus	HG00733#1#JAHEPQ010000009.1_80095657_84198031
HG00733#1#JAHEPQ010000009.1_80095657_84198031	HG00733#1#JAHEPQ010000009.1_80095657_84198031	95.169	890	35	2	8	4102375	1378397	1379286	4102375	3061542	3062423	0.0	1563	1410	plus	HG00733#1#JAHEPQ010000009.1_80095657_84198031
HG00733#1#JAHEPQ010000009.1_80095657_84198031	HG00733#1#JAHEPQ010000009.1_80095657_84198031	95.169	890	35	2	8	4102375	1378397	1379286	4102375	3544096	3544977	0.0	1563	1410	plus	HG00733#1#JAHEPQ010000009.1_80095657_84198031
HG00733#1#JAHEPQ010000009.1_80095657_84198031	HG00733#1#JAHEPQ010000009.1_80095657_84198031	94.872	897	37	3	9	4102375	1378397	1379292	4102375	558148	557260	0.0	1558	1406	minus	HG00733#1#JAHEPQ010000009.1_80095657_84198031
HG00733#1#JAHEPQ010000009.1_80095657_84198031	HG00733#1#JAHEPQ010000009.1_80095657_84198031	94.872	897	37	3	9	4102375	557260	558148	4102375	1379292	1378397	0.0	1558	1406	minus	HG00733#1#JAHEPQ010000009.1_80095657_84198031
HG00733#1#JAHEPQ010000009.1_80095657_84198031	HG00733#1#JAHEPQ010000009.1_80095657_84198031	94.719	890	36	3	11	4102375	1865975	1866853	4102375	1378397	1379286	0.0	1541	1390	plus	HG00733#1#JAHEPQ010000009.1_80095657_84198031
HG00733#1#JAHEPQ010000009.1_80095657_84198031	HG00733#1#JAHEPQ010000009.1_80095657_84198031	94.719	890	36	3	11	4102375	1378397	1379286	4102375	1865975	1866853	0.0	1541	1390	plus	HG00733#1#JAHEPQ010000009.1_80095657_84198031
HG00733#1#JAHEPQ010000009.1_80095657_84198031	HG00733#1#JAHEPQ010000009.1_80095657_84198031	92.075	959	51	5	25	4102375	1378324	1379282	4102375	571533	572466	0.0	1538	1388	plus	HG00733#1#JAHEPQ010000009.1_80095657_84198031
HG00733#1#JAHEPQ010000009.1_80095657_84198031	HG00733#1#JAHEPQ010000009.1_80095657_84198031	92.075	959	51	5	25	4102375	571533	572466	4102375	1378324	1379282	0.0	1538	1388	plus	HG00733#1#JAHEPQ010000009.1_80095657_84198031
HG00733#1#JAHEPQ010000009.1_80095657_84198031	HG00733#1#JAHEPQ010000009.1_80095657_84198031	92.075	959	51	5	25	4102375	3529764	3530697	4102375	1379282	1378324	0.0	1538	1388	minus	HG00733#1#JAHEPQ010000009.1_80095657_84198031
HG00733#1#JAHEPQ010000009.1_80095657_84198031	HG00733#1#JAHEPQ010000009.1_80095657_84198031	92.075	959	51	5	25	4102375	3047210	3048143	4102375	1379282	1378324	0.0	1538	1388	minus	HG00733#1#JAHEPQ010000009.1_80095657_84198031
HG00733#1#JAHEPQ010000009.1_80095657_84198031	HG00733#1#JAHEPQ010000009.1_80095657_84198031	92.075	959	51	5	25	4102375	2564710	2565643	4102375	1379282	1378324	0.0	1538	1388	minus	HG00733#1#JAHEPQ010000009.1_80095657_84198031
HG00733#1#JAHEPQ010000009.1_80095657_84198031	HG00733#1#JAHEPQ010000009.1_80095657_84198031	92.075	959	51	5	25	4102375	1378324	1379282	4102375	2565643	2564710	0.0	1538	1388	minus	HG00733#1#JAHEPQ010000009.1_80095657_84198031
HG00733#1#JAHEPQ010000009.1_80095657_84198031	HG00733#1#JAHEPQ010000009.1_80095657_84198031	92.075	959	51	5	25	4102375	1378324	1379282	4102375	3048143	3047210	0.0	1538	1388	minus	HG00733#1#JAHEPQ010000009.1_80095657_84198031
HG00733#1#JAHEPQ010000009.1_80095657_84198031	HG00733#1#JAHEPQ010000009.1_80095657_84198031	92.075	959	51	5	25	4102375	1378324	1379282	4102375	3530697	3529764	0.0	1538	1388	minus	HG00733#1#JAHEPQ010000009.1_80095657_84198031
HG00733#1#JAHEPQ010000009.1_80095657_84198031	HG00733#1#JAHEPQ010000009.1_80095657_84198031	86.242	1192	133	12	31	4102375	2075017	2076198	4102375	961000	962170	0.0	1535	1385	plus	HG00733#1#JAHEPQ010000009.1_80095657_84198031
HG00733#1#JAHEPQ010000009.1_80095657_84198031	HG00733#1#JAHEPQ010000009.1_80095657_84198031	86.242	1192	133	12	31	4102375	961000	962170	4102375	2075017	2076198	0.0	1535	1385	plus	HG00733#1#JAHEPQ010000009.1_80095657_84198031
HG00733#1#JAHEPQ010000009.1_80095657_84198031	HG00733#1#JAHEPQ010000009.1_80095657_84198031	91.962	958	52	5	25	4102375	1851666	1852598	4102375	1379281	1378324	0.0	1531	1381	minus	HG00733#1#JAHEPQ010000009.1_80095657_84198031
HG00733#1#JAHEPQ010000009.1_80095657_84198031	HG00733#1#JAHEPQ010000009.1_80095657_84198031	91.962	958	52	5	25	4102375	1378324	1379281	4102375	1852598	1851666	0.0	1531	1381	minus	HG00733#1#JAHEPQ010000009.1_80095657_84198031
HG00733#1#JAHEPQ010000009.1_80095657_84198031	HG00733#1#JAHEPQ010000009.1_80095657_84198031	86.134	1190	136	11	29	4102375	3753532	3754711	4102375	961000	962170	0.0	1529	1379	plus	HG00733#1#JAHEPQ010000009.1_80095657_84198031
HG00733#1#JAHEPQ010000009.1_80095657_84198031	HG00733#1#JAHEPQ010000009.1_80095657_84198031	86.134	1190	136	11	29	4102375	961000	962170	4102375	3753532	3754711	0.0	1529	1379	plus	HG00733#1#JAHEPQ010000009.1_80095657_84198031
HG00733#1#JAHEPQ010000009.1_80095657_84198031	HG00733#1#JAHEPQ010000009.1_80095657_84198031	70.665	3126	772	58	145	4102375	943320	946358	4102375	49480	46413	0.0	1522	1373	minus	HG00733#1#JAHEPQ010000009.1_80095657_84198031
HG00733#1#JAHEPQ010000009.1_80095657_84198031	HG00733#1#JAHEPQ010000009.1_80095657_84198031	70.665	3126	772	58	145	4102375	46413	49480	4102375	946358	943320	0.0	1522	1373	minus	HG00733#1#JAHEPQ010000009.1_80095657_84198031
HG00733#1#JAHEPQ010000009.1_80095657_84198031	HG00733#1#JAHEPQ010000009.1_80095657_84198031	80.329	1520	286	10	13	4102375	1377612	1379123	4102375	144376	145890	0.0	1508	1361	plus	HG00733#1#JAHEPQ010000009.1_80095657_84198031
HG00733#1#JAHEPQ010000009.1_80095657_84198031	HG00733#1#JAHEPQ010000009.1_80095657_84198031	80.329	1520	286	10	13	4102375	144376	145890	4102375	1377612	1379123	0.0	1508	1361	plus	HG00733#1#JAHEPQ010000009.1_80095657_84198031
HG00733#1#JAHEPQ010000009.1_80095657_84198031	HG00733#1#JAHEPQ010000009.1_80095657_84198031	78.602	1617	251	21	95	4102375	3814081	3815638	4102375	967147	965567	0.0	1494	1348	minus	HG00733#1#JAHEPQ010000009.1_80095657_84198031
HG00733#1#JAHEPQ010000009.1_80095657_84198031	HG00733#1#JAHEPQ010000009.1_80095657_84198031	78.602	1617	251	21	95	4102375	2135417	2136974	4102375	967147	965567	0.0	1494	1348	minus	HG00733#1#JAHEPQ010000009.1_80095657_84198031
HG00733#1#JAHEPQ010000009.1_80095657_84198031	HG00733#1#JAHEPQ010000009.1_80095657_84198031	78.602	1617	251	21	95	4102375	965567	967147	4102375	2136974	2135417	0.0	1494	1348	minus	HG00733#1#JAHEPQ010000009.1_80095657_84198031
HG00733#1#JAHEPQ010000009.1_80095657_84198031	HG00733#1#JAHEPQ010000009.1_80095657_84198031	78.602	1617	251	21	95	4102375	965567	967147	4102375	3815638	3814081	0.0	1494	1348	minus	HG00733#1#JAHEPQ010000009.1_80095657_84198031
HG00733#1#JAHEPQ010000009.1_80095657_84198031	HG00733#1#JAHEPQ010000009.1_80095657_84198031	92.467	916	69	0	0	4102375	3850211	3851126	4102375	3850078	3850993	0.0	1487	1342	plus	HG00733#1#JAHEPQ010000009.1_80095657_84198031
HG00733#1#JAHEPQ010000009.1_80095657_84198031	HG00733#1#JAHEPQ010000009.1_80095657_84198031	92.467	916	69	0	0	4102375	3850078	3850993	4102375	3850211	3851126	0.0	1487	1342	plus	HG00733#1#JAHEPQ010000009.1_80095657_84198031
HG00733#1#JAHEPQ010000009.1_80095657_84198031	HG00733#1#JAHEPQ010000009.1_80095657_84198031	79.207	1563	232	22	93	4102375	2088008	2089554	4102375	973714	975199	0.0	1484	1339	plus	HG00733#1#JAHEPQ010000009.1_80095657_84198031
HG00733#1#JAHEPQ010000009.1_80095657_84198031	HG00733#1#JAHEPQ010000009.1_80095657_84198031	79.207	1563	232	22	93	4102375	973714	975199	4102375	2088008	2089554	0.0	1484	1339	plus	HG00733#1#JAHEPQ010000009.1_80095657_84198031
HG00733#1#JAHEPQ010000009.1_80095657_84198031	HG00733#1#JAHEPQ010000009.1_80095657_84198031	68.770	3804	1008	74	180	4102375	1639449	1643156	4102375	50119	46400	0.0	1478	1333	minus	HG00733#1#JAHEPQ010000009.1_80095657_84198031
HG00733#1#JAHEPQ010000009.1_80095657_84198031	HG00733#1#JAHEPQ010000009.1_80095657_84198031	68.770	3804	1008	74	180	4102375	46400	50119	4102375	1643156	1639449	0.0	1478	1333	minus	HG00733#1#JAHEPQ010000009.1_80095657_84198031
HG00733#1#JAHEPQ010000009.1_80095657_84198031	HG00733#1#JAHEPQ010000009.1_80095657_84198031	68.770	3804	1009	74	179	4102375	3316310	3320018	4102375	50119	46400	0.0	1477	1333	minus	HG00733#1#JAHEPQ010000009.1_80095657_84198031
HG00733#1#JAHEPQ010000009.1_80095657_84198031	HG00733#1#JAHEPQ010000009.1_80095657_84198031	68.770	3804	1009	74	179	4102375	2833756	2837464	4102375	50119	46400	0.0	1477	1333	minus	HG00733#1#JAHEPQ010000009.1_80095657_84198031
HG00733#1#JAHEPQ010000009.1_80095657_84198031	HG00733#1#JAHEPQ010000009.1_80095657_84198031	79.116	1561	236	21	90	4102375	3766519	3768064	4102375	973714	975199	0.0	1477	1333	plus	HG00733#1#JAHEPQ010000009.1_80095657_84198031
HG00733#1#JAHEPQ010000009.1_80095657_84198031	HG00733#1#JAHEPQ010000009.1_80095657_84198031	68.770	3804	1009	74	179	4102375	46400	50119	4102375	2837464	2833756	0.0	1477	1333	minus	HG00733#1#JAHEPQ010000009.1_80095657_84198031
HG00733#1#JAHEPQ010000009.1_80095657_84198031	HG00733#1#JAHEPQ010000009.1_80095657_84198031	68.770	3804	1009	74	179	4102375	46400	50119	4102375	3320018	3316310	0.0	1477	1333	minus	HG00733#1#JAHEPQ010000009.1_80095657_84198031
HG00733#1#JAHEPQ010000009.1_80095657_84198031	HG00733#1#JAHEPQ010000009.1_80095657_84198031	79.116	1561	236	21	90	4102375	973714	975199	4102375	3766519	3768064	0.0	1477	1333	plus	HG00733#1#JAHEPQ010000009.1_80095657_84198031
HG00733#1#JAHEPQ010000009.1_80095657_84198031	HG00733#1#JAHEPQ010000009.1_80095657_84198031	68.717	3804	1010	74	180	4102375	2351020	2354727	4102375	50119	46400	0.0	1468	1324	minus	HG00733#1#JAHEPQ010000009.1_80095657_84198031
HG00733#1#JAHEPQ010000009.1_80095657_84198031	HG00733#1#JAHEPQ010000009.1_80095657_84198031	84.432	1214	144	12	45	4102375	3061231	3062431	4102375	951894	953075	0.0	1468	1324	plus	HG00733#1#JAHEPQ010000009.1_80095657_84198031
HG00733#1#JAHEPQ010000009.1_80095657_84198031	HG00733#1#JAHEPQ010000009.1_80095657_84198031	84.432	1214	144	12	45	4102375	3543785	3544985	4102375	951894	953075	0.0	1468	1324	plus	HG00733#1#JAHEPQ010000009.1_80095657_84198031
HG00733#1#JAHEPQ010000009.1_80095657_84198031	HG00733#1#JAHEPQ010000009.1_80095657_84198031	68.717	3804	1010	74	180	4102375	46400	50119	4102375	2354727	2351020	0.0	1468	1324	minus	HG00733#1#JAHEPQ010000009.1_80095657_84198031
HG00733#1#JAHEPQ010000009.1_80095657_84198031	HG00733#1#JAHEPQ010000009.1_80095657_84198031	84.432	1214	144	12	45	4102375	951894	953075	4102375	3061231	3062431	0.0	1468	1324	plus	HG00733#1#JAHEPQ010000009.1_80095657_84198031
HG00733#1#JAHEPQ010000009.1_80095657_84198031	HG00733#1#JAHEPQ010000009.1_80095657_84198031	84.432	1214	144	12	45	4102375	951894	953075	4102375	3543785	3544985	0.0	1468	1324	plus	HG00733#1#JAHEPQ010000009.1_80095657_84198031
HG00733#1#JAHEPQ010000009.1_80095657_84198031	HG00733#1#JAHEPQ010000009.1_80095657_84198031	68.717	3804	1011	74	179	4102375	782177	785885	4102375	46400	50119	0.0	1467	1324	plus	HG00733#1#JAHEPQ010000009.1_80095657_84198031
HG00733#1#JAHEPQ010000009.1_80095657_84198031	HG00733#1#JAHEPQ010000009.1_80095657_84198031	68.717	3804	1011	74	179	4102375	46400	50119	4102375	782177	785885	0.0	1467	1324	plus	HG00733#1#JAHEPQ010000009.1_80095657_84198031
HG00733#1#JAHEPQ010000009.1_80095657_84198031	HG00733#1#JAHEPQ010000009.1_80095657_84198031	78.212	1588	322	3	24	4102375	963237	964800	4102375	962298	963885	0.0	1455	1313	plus	HG00733#1#JAHEPQ010000009.1_80095657_84198031
HG00733#1#JAHEPQ010000009.1_80095657_84198031	HG00733#1#JAHEPQ010000009.1_80095657_84198031	78.342	1616	233	29	117	4102375	2077432	2078958	4102375	965560	967147	0.0	1454	1312	plus	HG00733#1#JAHEPQ010000009.1_80095657_84198031
HG00733#1#JAHEPQ010000009.1_80095657_84198031	HG00733#1#JAHEPQ010000009.1_80095657_84198031	78.342	1616	233	29	117	4102375	965560	967147	4102375	2077432	2078958	0.0	1454	1312	plus	HG00733#1#JAHEPQ010000009.1_80095657_84198031
HG00733#1#JAHEPQ010000009.1_80095657_84198031	HG00733#1#JAHEPQ010000009.1_80095657_84198031	84.185	1214	147	12	45	4102375	2578668	2579868	4102375	951894	953075	0.0	1453	1311	plus	HG00733#1#JAHEPQ010000009.1_80095657_84198031
HG00733#1#JAHEPQ010000009.1_80095657_84198031	HG00733#1#JAHEPQ010000009.1_80095657_84198031	84.185	1214	147	12	45	4102375	951894	953075	4102375	2578668	2579868	0.0	1453	1311	plus	HG00733#1#JAHEPQ010000009.1_80095657_84198031
HG00733#1#JAHEPQ010000009.1_80095657_84198031	HG00733#1#JAHEPQ010000009.1_80095657_84198031	84.398	1205	142	13	46	4102375	951894	953065	4102375	558459	557268	0.0	1451	1309	minus	HG00733#1#JAHEPQ010000009.1_80095657_84198031
HG00733#1#JAHEPQ010000009.1_80095657_84198031	HG00733#1#JAHEPQ010000009.1_80095657_84198031	84.398	1205	142	13	46	4102375	557268	558459	4102375	953065	951894	0.0	1451	1309	minus	HG00733#1#JAHEPQ010000009.1_80095657_84198031
HG00733#1#JAHEPQ010000009.1_80095657_84198031	HG00733#1#JAHEPQ010000009.1_80095657_84198031	78.149	1588	323	3	24	4102375	962298	963885	4102375	963237	964800	0.0	1450	1308	plus	HG00733#1#JAHEPQ010000009.1_80095657_84198031
HG00733#1#JAHEPQ010000009.1_80095657_84198031	HG00733#1#JAHEPQ010000009.1_80095657_84198031	78.280	1616	234	29	117	4102375	3755945	3757471	4102375	965560	967147	0.0	1449	1307	plus	HG00733#1#JAHEPQ010000009.1_80095657_84198031
HG00733#1#JAHEPQ010000009.1_80095657_84198031	HG00733#1#JAHEPQ010000009.1_80095657_84198031	78.280	1616	234	29	117	4102375	965560	967147	4102375	3755945	3757471	0.0	1449	1307	plus	HG00733#1#JAHEPQ010000009.1_80095657_84198031
HG00733#1#JAHEPQ010000009.1_80095657_84198031	HG00733#1#JAHEPQ010000009.1_80095657_84198031	84.102	1214	145	13	48	4102375	1865664	1866861	4102375	951894	953075	0.0	1446	1305	plus	HG00733#1#JAHEPQ010000009.1_80095657_84198031
HG00733#1#JAHEPQ010000009.1_80095657_84198031	HG00733#1#JAHEPQ010000009.1_80095657_84198031	84.102	1214	145	13	48	4102375	951894	953075	4102375	1865664	1866861	0.0	1446	1305	plus	HG00733#1#JAHEPQ010000009.1_80095657_84198031
HG00733#1#JAHEPQ010000009.1_80095657_84198031	HG00733#1#JAHEPQ010000009.1_80095657_84198031	87.919	1043	106	7	20	4102375	3804483	3805515	4102375	929396	928364	0.0	1441	1300	minus	HG00733#1#JAHEPQ010000009.1_80095657_84198031
HG00733#1#JAHEPQ010000009.1_80095657_84198031	HG00733#1#JAHEPQ010000009.1_80095657_84198031	87.919	1043	106	7	20	4102375	2125819	2126851	4102375	929396	928364	0.0	1441	1300	minus	HG00733#1#JAHEPQ010000009.1_80095657_84198031
HG00733#1#JAHEPQ010000009.1_80095657_84198031	HG00733#1#JAHEPQ010000009.1_80095657_84198031	87.919	1043	106	7	20	4102375	928364	929396	4102375	2126851	2125819	0.0	1441	1300	minus	HG00733#1#JAHEPQ010000009.1_80095657_84198031
HG00733#1#JAHEPQ010000009.1_80095657_84198031	HG00733#1#JAHEPQ010000009.1_80095657_84198031	87.919	1043	106	7	20	4102375	928364	929396	4102375	3805515	3804483	0.0	1441	1300	minus	HG00733#1#JAHEPQ010000009.1_80095657_84198031
HG00733#1#JAHEPQ010000009.1_80095657_84198031	HG00733#1#JAHEPQ010000009.1_80095657_84198031	69.039	3498	894	67	189	4102375	1639455	1642854	4102375	948127	951533	0.0	1435	1295	plus	HG00733#1#JAHEPQ010000009.1_80095657_84198031
HG00733#1#JAHEPQ010000009.1_80095657_84198031	HG00733#1#JAHEPQ010000009.1_80095657_84198031	97.047	779	21	2	2	4102375	1378510	1379288	4102375	1171033	1170257	0.0	1435	1295	minus	HG00733#1#JAHEPQ010000009.1_80095657_84198031
HG00733#1#JAHEPQ010000009.1_80095657_84198031	HG00733#1#JAHEPQ010000009.1_80095657_84198031	97.047	779	21	2	2	4102375	1170257	1171033	4102375	1379288	1378510	0.0	1435	1295	minus	HG00733#1#JAHEPQ010000009.1_80095657_84198031
HG00733#1#JAHEPQ010000009.1_80095657_84198031	HG00733#1#JAHEPQ010000009.1_80095657_84198031	69.039	3498	894	67	189	4102375	948127	951533	4102375	1639455	1642854	0.0	1435	1295	plus	HG00733#1#JAHEPQ010000009.1_80095657_84198031
HG00733#1#JAHEPQ010000009.1_80095657_84198031	HG00733#1#JAHEPQ010000009.1_80095657_84198031	69.000	3500	893	67	192	4102375	2833762	2837162	4102375	948127	951533	0.0	1432	1292	plus	HG00733#1#JAHEPQ010000009.1_80095657_84198031
HG00733#1#JAHEPQ010000009.1_80095657_84198031	HG00733#1#JAHEPQ010000009.1_80095657_84198031	69.000	3500	893	67	192	4102375	3316316	3319716	4102375	948127	951533	0.0	1432	1292	plus	HG00733#1#JAHEPQ010000009.1_80095657_84198031
HG00733#1#JAHEPQ010000009.1_80095657_84198031	HG00733#1#JAHEPQ010000009.1_80095657_84198031	69.000	3500	893	67	192	4102375	948127	951533	4102375	2833762	2837162	0.0	1432	1292	plus	HG00733#1#JAHEPQ010000009.1_80095657_84198031
HG00733#1#JAHEPQ010000009.1_80095657_84198031	HG00733#1#JAHEPQ010000009.1_80095657_84198031	69.000	3500	893	67	192	4102375	948127	951533	4102375	3316316	3319716	0.0	1432	1292	plus	HG00733#1#JAHEPQ010000009.1_80095657_84198031
HG00733#1#JAHEPQ010000009.1_80095657_84198031	HG00733#1#JAHEPQ010000009.1_80095657_84198031	69.011	3498	895	67	189	4102375	2351026	2354425	4102375	948127	951533	0.0	1430	1290	plus	HG00733#1#JAHEPQ010000009.1_80095657_84198031
HG00733#1#JAHEPQ010000009.1_80095657_84198031	HG00733#1#JAHEPQ010000009.1_80095657_84198031	69.011	3498	895	67	189	4102375	948127	951533	4102375	2351026	2354425	0.0	1430	1290	plus	HG00733#1#JAHEPQ010000009.1_80095657_84198031
HG00733#1#JAHEPQ010000009.1_80095657_84198031	HG00733#1#JAHEPQ010000009.1_80095657_84198031	92.273	880	45	4	23	4102375	2578979	2579854	4102375	571606	572466	0.0	1423	1284	plus	HG00733#1#JAHEPQ010000009.1_80095657_84198031
HG00733#1#JAHEPQ010000009.1_80095657_84198031	HG00733#1#JAHEPQ010000009.1_80095657_84198031	92.273	880	45	4	23	4102375	3061542	3062417	4102375	571606	572466	0.0	1423	1284	plus	HG00733#1#JAHEPQ010000009.1_80095657_84198031
HG00733#1#JAHEPQ010000009.1_80095657_84198031	HG00733#1#JAHEPQ010000009.1_80095657_84198031	92.273	880	45	4	23	4102375	3544096	3544971	4102375	571606	572466	0.0	1423	1284	plus	HG00733#1#JAHEPQ010000009.1_80095657_84198031
HG00733#1#JAHEPQ010000009.1_80095657_84198031	HG00733#1#JAHEPQ010000009.1_80095657_84198031	92.273	880	45	4	23	4102375	3544096	3544971	4102375	2565570	2564710	0.0	1423	1284	minus	HG00733#1#JAHEPQ010000009.1_80095657_84198031
HG00733#1#JAHEPQ010000009.1_80095657_84198031	HG00733#1#JAHEPQ010000009.1_80095657_84198031	92.273	880	45	4	23	4102375	3061542	3062417	4102375	2565570	2564710	0.0	1423	1284	minus	HG00733#1#JAHEPQ010000009.1_80095657_84198031
HG00733#1#JAHEPQ010000009.1_80095657_84198031	HG00733#1#JAHEPQ010000009.1_80095657_84198031	92.273	880	45	4	23	4102375	2578979	2579854	4102375	2565570	2564710	0.0	1423	1284	minus	HG00733#1#JAHEPQ010000009.1_80095657_84198031
HG00733#1#JAHEPQ010000009.1_80095657_84198031	HG00733#1#JAHEPQ010000009.1_80095657_84198031	92.273	880	45	4	23	4102375	571606	572466	4102375	2578979	2579854	0.0	1423	1284	plus	HG00733#1#JAHEPQ010000009.1_80095657_84198031
HG00733#1#JAHEPQ010000009.1_80095657_84198031	HG00733#1#JAHEPQ010000009.1_80095657_84198031	92.273	880	45	4	23	4102375	3529764	3530624	4102375	2579854	2578979	0.0	1423	1284	minus	HG00733#1#JAHEPQ010000009.1_80095657_84198031
HG00733#1#JAHEPQ010000009.1_80095657_84198031	HG00733#1#JAHEPQ010000009.1_80095657_84198031	92.273	880	45	4	23	4102375	3047210	3048070	4102375	2579854	2578979	0.0	1423	1284	minus	HG00733#1#JAHEPQ010000009.1_80095657_84198031
HG00733#1#JAHEPQ010000009.1_80095657_84198031	HG00733#1#JAHEPQ010000009.1_80095657_84198031	92.273	880	45	4	23	4102375	2564710	2565570	4102375	2579854	2578979	0.0	1423	1284	minus	HG00733#1#JAHEPQ010000009.1_80095657_84198031
HG00733#1#JAHEPQ010000009.1_80095657_84198031	HG00733#1#JAHEPQ010000009.1_80095657_84198031	92.273	880	45	4	23	4102375	3544096	3544971	4102375	3048070	3047210	0.0	1423	1284	minus	HG00733#1#JAHEPQ010000009.1_80095657_84198031
HG00733#1#JAHEPQ010000009.1_80095657_84198031	HG00733#1#JAHEPQ010000009.1_80095657_84198031	92.273	880	45	4	23	4102375	3061542	3062417	4102375	3048070	3047210	0.0	1423	1284	minus	HG00733#1#JAHEPQ010000009.1_80095657_84198031
HG00733#1#JAHEPQ010000009.1_80095657_84198031	HG00733#1#JAHEPQ010000009.1_80095657_84198031	92.273	880	45	4	23	4102375	2578979	2579854	4102375	3048070	3047210	0.0	1423	1284	minus	HG00733#1#JAHEPQ010000009.1_80095657_84198031
HG00733#1#JAHEPQ010000009.1_80095657_84198031	HG00733#1#JAHEPQ010000009.1_80095657_84198031	92.273	880	45	4	23	4102375	571606	572466	4102375	3061542	3062417	0.0	1423	1284	plus	HG00733#1#JAHEPQ010000009.1_80095657_84198031
HG00733#1#JAHEPQ010000009.1_80095657_84198031	HG00733#1#JAHEPQ010000009.1_80095657_84198031	92.273	880	45	4	23	4102375	3529764	3530624	4102375	3062417	3061542	0.0	1423	1284	minus	HG00733#1#JAHEPQ010000009.1_80095657_84198031
HG00733#1#JAHEPQ010000009.1_80095657_84198031	HG00733#1#JAHEPQ010000009.1_80095657_84198031	92.273	880	45	4	23	4102375	3047210	3048070	4102375	3062417	3061542	0.0	1423	1284	minus	HG00733#1#JAHEPQ010000009.1_80095657_84198031
HG00733#1#JAHEPQ010000009.1_80095657_84198031	HG00733#1#JAHEPQ010000009.1_80095657_84198031	92.273	880	45	4	23	4102375	2564710	2565570	4102375	3062417	3061542	0.0	1423	1284	minus	HG00733#1#JAHEPQ010000009.1_80095657_84198031
HG00733#1#JAHEPQ010000009.1_80095657_84198031	HG00733#1#JAHEPQ010000009.1_80095657_84198031	92.273	880	45	4	23	4102375	3544096	3544971	4102375	3530624	3529764	0.0	1423	1284	minus	HG00733#1#JAHEPQ010000009.1_80095657_84198031
HG00733#1#JAHEPQ010000009.1_80095657_84198031	HG00733#1#JAHEPQ010000009.1_80095657_84198031	92.273	880	45	4	23	4102375	3061542	3062417	4102375	3530624	3529764	0.0	1423	1284	minus	HG00733#1#JAHEPQ010000009.1_80095657_84198031
HG00733#1#JAHEPQ010000009.1_80095657_84198031	HG00733#1#JAHEPQ010000009.1_80095657_84198031	92.273	880	45	4	23	4102375	2578979	2579854	4102375	3530624	3529764	0.0	1423	1284	minus	HG00733#1#JAHEPQ010000009.1_80095657_84198031
HG00733#1#JAHEPQ010000009.1_80095657_84198031	HG00733#1#JAHEPQ010000009.1_80095657_84198031	92.273	880	45	4	23	4102375	571606	572466	4102375	3544096	3544971	0.0	1423	1284	plus	HG00733#1#JAHEPQ010000009.1_80095657_84198031
HG00733#1#JAHEPQ010000009.1_80095657_84198031	HG00733#1#JAHEPQ010000009.1_80095657_84198031	92.273	880	45	4	23	4102375	3529764	3530624	4102375	3544971	3544096	0.0	1423	1284	minus	HG00733#1#JAHEPQ010000009.1_80095657_84198031
HG00733#1#JAHEPQ010000009.1_80095657_84198031	HG00733#1#JAHEPQ010000009.1_80095657_84198031	92.273	880	45	4	23	4102375	3047210	3048070	4102375	3544971	3544096	0.0	1423	1284	minus	HG00733#1#JAHEPQ010000009.1_80095657_84198031
HG00733#1#JAHEPQ010000009.1_80095657_84198031	HG00733#1#JAHEPQ010000009.1_80095657_84198031	92.273	880	45	4	23	4102375	2564710	2565570	4102375	3544971	3544096	0.0	1423	1284	minus	HG00733#1#JAHEPQ010000009.1_80095657_84198031
HG00733#1#JAHEPQ010000009.1_80095657_84198031	HG00733#1#JAHEPQ010000009.1_80095657_84198031	68.943	3500	895	67	192	4102375	948127	951533	4102375	785879	782479	0.0	1422	1283	minus	HG00733#1#JAHEPQ010000009.1_80095657_84198031
HG00733#1#JAHEPQ010000009.1_80095657_84198031	HG00733#1#JAHEPQ010000009.1_80095657_84198031	68.943	3500	895	67	192	4102375	782479	785879	4102375	951533	948127	0.0	1422	1283	minus	HG00733#1#JAHEPQ010000009.1_80095657_84198031
HG00733#1#JAHEPQ010000009.1_80095657_84198031	HG00733#1#JAHEPQ010000009.1_80095657_84198031	92.168	881	45	5	24	4102375	2564710	2565570	4102375	557272	558148	0.0	1416	1278	plus	HG00733#1#JAHEPQ010000009.1_80095657_84198031
HG00733#1#JAHEPQ010000009.1_80095657_84198031	HG00733#1#JAHEPQ010000009.1_80095657_84198031	92.168	881	45	5	24	4102375	3047210	3048070	4102375	557272	558148	0.0	1416	1278	plus	HG00733#1#JAHEPQ010000009.1_80095657_84198031
HG00733#1#JAHEPQ010000009.1_80095657_84198031	HG00733#1#JAHEPQ010000009.1_80095657_84198031	92.168	881	45	5	24	4102375	3529764	3530624	4102375	557272	558148	0.0	1416	1278	plus	HG00733#1#JAHEPQ010000009.1_80095657_84198031
HG00733#1#JAHEPQ010000009.1_80095657_84198031	HG00733#1#JAHEPQ010000009.1_80095657_84198031	92.168	881	45	5	24	4102375	571606	572466	4102375	558148	557272	0.0	1416	1278	minus	HG00733#1#JAHEPQ010000009.1_80095657_84198031
HG00733#1#JAHEPQ010000009.1_80095657_84198031	HG00733#1#JAHEPQ010000009.1_80095657_84198031	92.168	881	45	5	24	4102375	557272	558148	4102375	572466	571606	0.0	1416	1278	minus	HG00733#1#JAHEPQ010000009.1_80095657_84198031
HG00733#1#JAHEPQ010000009.1_80095657_84198031	HG00733#1#JAHEPQ010000009.1_80095657_84198031	92.168	881	45	5	24	4102375	557272	558148	4102375	2564710	2565570	0.0	1416	1278	plus	HG00733#1#JAHEPQ010000009.1_80095657_84198031
HG00733#1#JAHEPQ010000009.1_80095657_84198031	HG00733#1#JAHEPQ010000009.1_80095657_84198031	92.168	881	45	5	24	4102375	557272	558148	4102375	3047210	3048070	0.0	1416	1278	plus	HG00733#1#JAHEPQ010000009.1_80095657_84198031
HG00733#1#JAHEPQ010000009.1_80095657_84198031	HG00733#1#JAHEPQ010000009.1_80095657_84198031	92.168	881	45	5	24	4102375	557272	558148	4102375	3529764	3530624	0.0	1416	1278	plus	HG00733#1#JAHEPQ010000009.1_80095657_84198031
HG00733#1#JAHEPQ010000009.1_80095657_84198031	HG00733#1#JAHEPQ010000009.1_80095657_84198031	83.294	1287	99	40	116	4102375	1051687	1052866	4102375	1050938	1052215	0.0	1415	1277	plus	HG00733#1#JAHEPQ010000009.1_80095657_84198031
HG00733#1#JAHEPQ010000009.1_80095657_84198031	HG00733#1#JAHEPQ010000009.1_80095657_84198031	93.690	840	53	0	0	4102375	3850287	3851126	4102375	3850078	3850917	0.0	1415	1277	plus	HG00733#1#JAHEPQ010000009.1_80095657_84198031
HG00733#1#JAHEPQ010000009.1_80095657_84198031	HG00733#1#JAHEPQ010000009.1_80095657_84198031	93.690	840	53	0	0	4102375	3850078	3850917	4102375	3850287	3851126	0.0	1415	1277	plus	HG00733#1#JAHEPQ010000009.1_80095657_84198031
HG00733#1#JAHEPQ010000009.1_80095657_84198031	HG00733#1#JAHEPQ010000009.1_80095657_84198031	92.036	879	47	4	23	4102375	3544096	3544970	4102375	1852525	1851666	0.0	1411	1273	minus	HG00733#1#JAHEPQ010000009.1_80095657_84198031
HG00733#1#JAHEPQ010000009.1_80095657_84198031	HG00733#1#JAHEPQ010000009.1_80095657_84198031	92.036	879	47	4	23	4102375	3061542	3062416	4102375	1852525	1851666	0.0	1411	1273	minus	HG00733#1#JAHEPQ010000009.1_80095657_84198031
HG00733#1#JAHEPQ010000009.1_80095657_84198031	HG00733#1#JAHEPQ010000009.1_80095657_84198031	92.036	879	47	4	23	4102375	2578979	2579853	4102375	1852525	1851666	0.0	1411	1273	minus	HG00733#1#JAHEPQ010000009.1_80095657_84198031
HG00733#1#JAHEPQ010000009.1_80095657_84198031	HG00733#1#JAHEPQ010000009.1_80095657_84198031	92.036	879	47	4	23	4102375	1851666	1852525	4102375	2579853	2578979	0.0	1411	1273	minus	HG00733#1#JAHEPQ010000009.1_80095657_84198031
HG00733#1#JAHEPQ010000009.1_80095657_84198031	HG00733#1#JAHEPQ010000009.1_80095657_84198031	92.036	879	47	4	23	4102375	1851666	1852525	4102375	3062416	3061542	0.0	1411	1273	minus	HG00733#1#JAHEPQ010000009.1_80095657_84198031
HG00733#1#JAHEPQ010000009.1_80095657_84198031	HG00733#1#JAHEPQ010000009.1_80095657_84198031	92.036	879	47	4	23	4102375	1851666	1852525	4102375	3544970	3544096	0.0	1411	1273	minus	HG00733#1#JAHEPQ010000009.1_80095657_84198031
HG00733#1#JAHEPQ010000009.1_80095657_84198031	HG00733#1#JAHEPQ010000009.1_80095657_84198031	81.832	1310	224	7	14	4102375	3986664	3987960	4102375	158119	156811	0.0	1409	1271	minus	HG00733#1#JAHEPQ010000009.1_80095657_84198031
HG00733#1#JAHEPQ010000009.1_80095657_84198031	HG00733#1#JAHEPQ010000009.1_80095657_84198031	81.832	1310	224	7	14	4102375	156811	158119	4102375	3987960	3986664	0.0	1409	1271	minus	HG00733#1#JAHEPQ010000009.1_80095657_84198031
HG00733#1#JAHEPQ010000009.1_80095657_84198031	HG00733#1#JAHEPQ010000009.1_80095657_84198031	70.613	2821	700	44	129	4102375	948774	951533	4102375	943320	946072	0.0	1406	1269	plus	HG00733#1#JAHEPQ010000009.1_80095657_84198031
HG00733#1#JAHEPQ010000009.1_80095657_84198031	HG00733#1#JAHEPQ010000009.1_80095657_84198031	70.613	2821	700	44	129	4102375	943320	946072	4102375	948774	951533	0.0	1406	1269	plus	HG00733#1#JAHEPQ010000009.1_80095657_84198031
HG00733#1#JAHEPQ010000009.1_80095657_84198031	HG00733#1#JAHEPQ010000009.1_80095657_84198031	91.932	880	47	5	24	4102375	1851666	1852525	4102375	557273	558148	0.0	1404	1267	plus	HG00733#1#JAHEPQ010000009.1_80095657_84198031
HG00733#1#JAHEPQ010000009.1_80095657_84198031	HG00733#1#JAHEPQ010000009.1_80095657_84198031	91.932	880	47	5	24	4102375	557273	558148	4102375	1851666	1852525	0.0	1404	1267	plus	HG00733#1#JAHEPQ010000009.1_80095657_84198031
HG00733#1#JAHEPQ010000009.1_80095657_84198031	HG00733#1#JAHEPQ010000009.1_80095657_84198031	87.380	1038	109	8	22	4102375	2082700	2083720	4102375	928364	929396	0.0	1403	1266	plus	HG00733#1#JAHEPQ010000009.1_80095657_84198031
HG00733#1#JAHEPQ010000009.1_80095657_84198031	HG00733#1#JAHEPQ010000009.1_80095657_84198031	87.380	1038	109	8	22	4102375	928364	929396	4102375	2082700	2083720	0.0	1403	1266	plus	HG00733#1#JAHEPQ010000009.1_80095657_84198031
HG00733#1#JAHEPQ010000009.1_80095657_84198031	HG00733#1#JAHEPQ010000009.1_80095657_84198031	91.818	880	46	5	26	4102375	1865975	1866847	4102375	571606	572466	0.0	1401	1264	plus	HG00733#1#JAHEPQ010000009.1_80095657_84198031
HG00733#1#JAHEPQ010000009.1_80095657_84198031	HG00733#1#JAHEPQ010000009.1_80095657_84198031	91.818	880	46	5	26	4102375	571606	572466	4102375	1865975	1866847	0.0	1401	1264	plus	HG00733#1#JAHEPQ010000009.1_80095657_84198031
HG00733#1#JAHEPQ010000009.1_80095657_84198031	HG00733#1#JAHEPQ010000009.1_80095657_84198031	91.818	880	46	5	26	4102375	3529764	3530624	4102375	1866847	1865975	0.0	1401	1264	minus	HG00733#1#JAHEPQ010000009.1_80095657_84198031
HG00733#1#JAHEPQ010000009.1_80095657_84198031	HG00733#1#JAHEPQ010000009.1_80095657_84198031	91.818	880	46	5	26	4102375	3047210	3048070	4102375	1866847	1865975	0.0	1401	1264	minus	HG00733#1#JAHEPQ010000009.1_80095657_84198031
HG00733#1#JAHEPQ010000009.1_80095657_84198031	HG00733#1#JAHEPQ010000009.1_80095657_84198031	91.818	880	46	5	26	4102375	2564710	2565570	4102375	1866847	1865975	0.0	1401	1264	minus	HG00733#1#JAHEPQ010000009.1_80095657_84198031
HG00733#1#JAHEPQ010000009.1_80095657_84198031	HG00733#1#JAHEPQ010000009.1_80095657_84198031	91.818	880	46	5	26	4102375	1865975	1866847	4102375	2565570	2564710	0.0	1401	1264	minus	HG00733#1#JAHEPQ010000009.1_80095657_84198031
HG00733#1#JAHEPQ010000009.1_80095657_84198031	HG00733#1#JAHEPQ010000009.1_80095657_84198031	91.818	880	46	5	26	4102375	1865975	1866847	4102375	3048070	3047210	0.0	1401	1264	minus	HG00733#1#JAHEPQ010000009.1_80095657_84198031
HG00733#1#JAHEPQ010000009.1_80095657_84198031	HG00733#1#JAHEPQ010000009.1_80095657_84198031	91.818	880	46	5	26	4102375	1865975	1866847	4102375	3530624	3529764	0.0	1401	1264	minus	HG00733#1#JAHEPQ010000009.1_80095657_84198031
HG00733#1#JAHEPQ010000009.1_80095657_84198031	HG00733#1#JAHEPQ010000009.1_80095657_84198031	73.510	2114	323	53	237	4102375	2089823	2091834	4102375	975437	977415	0.0	1400	1263	plus	HG00733#1#JAHEPQ010000009.1_80095657_84198031
HG00733#1#JAHEPQ010000009.1_80095657_84198031	HG00733#1#JAHEPQ010000009.1_80095657_84198031	73.510	2114	323	53	237	4102375	975437	977415	4102375	2089823	2091834	0.0	1400	1263	plus	HG00733#1#JAHEPQ010000009.1_80095657_84198031
HG00733#1#JAHEPQ010000009.1_80095657_84198031	HG00733#1#JAHEPQ010000009.1_80095657_84198031	87.283	1038	110	8	22	4102375	3761213	3762233	4102375	928364	929396	0.0	1398	1261	plus	HG00733#1#JAHEPQ010000009.1_80095657_84198031
HG00733#1#JAHEPQ010000009.1_80095657_84198031	HG00733#1#JAHEPQ010000009.1_80095657_84198031	87.283	1038	110	8	22	4102375	928364	929396	4102375	3761213	3762233	0.0	1398	1261	plus	HG00733#1#JAHEPQ010000009.1_80095657_84198031
HG00733#1#JAHEPQ010000009.1_80095657_84198031	HG00733#1#JAHEPQ010000009.1_80095657_84198031	91.581	879	48	5	26	4102375	1865975	1866846	4102375	1852525	1851666	0.0	1389	1253	minus	HG00733#1#JAHEPQ010000009.1_80095657_84198031
HG00733#1#JAHEPQ010000009.1_80095657_84198031	HG00733#1#JAHEPQ010000009.1_80095657_84198031	91.581	879	48	5	26	4102375	1851666	1852525	4102375	1866846	1865975	0.0	1389	1253	minus	HG00733#1#JAHEPQ010000009.1_80095657_84198031
HG00733#1#JAHEPQ010000009.1_80095657_84198031	HG00733#1#JAHEPQ010000009.1_80095657_84198031	87.685	1015	100	12	25	4102375	2211097	2212098	4102375	74409	75411	0.0	1370	1236	plus	HG00733#1#JAHEPQ010000009.1_80095657_84198031
HG00733#1#JAHEPQ010000009.1_80095657_84198031	HG00733#1#JAHEPQ010000009.1_80095657_84198031	87.685	1015	100	12	25	4102375	3890167	3891168	4102375	74409	75411	0.0	1370	1236	plus	HG00733#1#JAHEPQ010000009.1_80095657_84198031
HG00733#1#JAHEPQ010000009.1_80095657_84198031	HG00733#1#JAHEPQ010000009.1_80095657_84198031	87.685	1015	100	12	25	4102375	74409	75411	4102375	2211097	2212098	0.0	1370	1236	plus	HG00733#1#JAHEPQ010000009.1_80095657_84198031
HG00733#1#JAHEPQ010000009.1_80095657_84198031	HG00733#1#JAHEPQ010000009.1_80095657_84198031	87.685	1015	100	12	25	4102375	74409	75411	4102375	3890167	3891168	0.0	1370	1236	plus	HG00733#1#JAHEPQ010000009.1_80095657_84198031
HG00733#1#JAHEPQ010000009.1_80095657_84198031	HG00733#1#JAHEPQ010000009.1_80095657_84198031	73.652	2095	335	57	217	4102375	3768441	3770434	4102375	975437	977415	0.0	1362	1229	plus	HG00733#1#JAHEPQ010000009.1_80095657_84198031
HG00733#1#JAHEPQ010000009.1_80095657_84198031	HG00733#1#JAHEPQ010000009.1_80095657_84198031	73.652	2095	335	57	217	4102375	975437	977415	4102375	3768441	3770434	0.0	1362	1229	plus	HG00733#1#JAHEPQ010000009.1_80095657_84198031
HG00733#1#JAHEPQ010000009.1_80095657_84198031	HG00733#1#JAHEPQ010000009.1_80095657_84198031	80.030	1327	193	9	72	4102375	3986810	3988128	4102375	987401	988663	0.0	1356	1223	plus	HG00733#1#JAHEPQ010000009.1_80095657_84198031
HG00733#1#JAHEPQ010000009.1_80095657_84198031	HG00733#1#JAHEPQ010000009.1_80095657_84198031	80.030	1327	193	9	72	4102375	987401	988663	4102375	3986810	3988128	0.0	1356	1223	plus	HG00733#1#JAHEPQ010000009.1_80095657_84198031
HG00733#1#JAHEPQ010000009.1_80095657_84198031	HG00733#1#JAHEPQ010000009.1_80095657_84198031	77.392	1526	288	6	57	4102375	963328	964796	4102375	962299	963824	0.0	1354	1222	plus	HG00733#1#JAHEPQ010000009.1_80095657_84198031
HG00733#1#JAHEPQ010000009.1_80095657_84198031	HG00733#1#JAHEPQ010000009.1_80095657_84198031	78.601	1430	288	2	18	4102375	962356	963767	4102375	963364	964793	0.0	1338	1207	plus	HG00733#1#JAHEPQ010000009.1_80095657_84198031
HG00733#1#JAHEPQ010000009.1_80095657_84198031	HG00733#1#JAHEPQ010000009.1_80095657_84198031	85.542	1079	121	17	35	4102375	4068945	4070006	4102375	1212894	1213954	0.0	1328	1198	plus	HG00733#1#JAHEPQ010000009.1_80095657_84198031
HG00733#1#JAHEPQ010000009.1_80095657_84198031	HG00733#1#JAHEPQ010000009.1_80095657_84198031	85.542	1079	121	17	35	4102375	1212894	1213954	4102375	4068945	4070006	0.0	1328	1198	plus	HG00733#1#JAHEPQ010000009.1_80095657_84198031
HG00733#1#JAHEPQ010000009.1_80095657_84198031	HG00733#1#JAHEPQ010000009.1_80095657_84198031	80.846	1300	214	13	35	4102375	2119342	2120626	4102375	975199	973920	0.0	1325	1196	minus	HG00733#1#JAHEPQ010000009.1_80095657_84198031
HG00733#1#JAHEPQ010000009.1_80095657_84198031	HG00733#1#JAHEPQ010000009.1_80095657_84198031	80.846	1300	214	13	35	4102375	973920	975199	4102375	2120626	2119342	0.0	1325	1196	minus	HG00733#1#JAHEPQ010000009.1_80095657_84198031
HG00733#1#JAHEPQ010000009.1_80095657_84198031	HG00733#1#JAHEPQ010000009.1_80095657_84198031	94.423	771	34	3	9	4102375	2579091	2579854	4102375	1171033	1170265	0.0	1321	1192	minus	HG00733#1#JAHEPQ010000009.1_80095657_84198031
HG00733#1#JAHEPQ010000009.1_80095657_84198031	HG00733#1#JAHEPQ010000009.1_80095657_84198031	94.423	771	34	3	9	4102375	1170265	1171033	4102375	2579854	2579091	0.0	1321	1192	minus	HG00733#1#JAHEPQ010000009.1_80095657_84198031
HG00733#1#JAHEPQ010000009.1_80095657_84198031	HG00733#1#JAHEPQ010000009.1_80095657_84198031	80.769	1300	214	14	36	4102375	3972786	3974070	4102375	975198	973920	0.0	1316	1187	minus	HG00733#1#JAHEPQ010000009.1_80095657_84198031
HG00733#1#JAHEPQ010000009.1_80095657_84198031	HG00733#1#JAHEPQ010000009.1_80095657_84198031	94.293	771	35	3	9	4102375	3544208	3544971	4102375	1171033	1170265	0.0	1316	1187	minus	HG00733#1#JAHEPQ010000009.1_80095657_84198031
HG00733#1#JAHEPQ010000009.1_80095657_84198031	HG00733#1#JAHEPQ010000009.1_80095657_84198031	94.293	771	35	3	9	4102375	3061654	3062417	4102375	1171033	1170265	0.0	1316	1187	minus	HG00733#1#JAHEPQ010000009.1_80095657_84198031
HG00733#1#JAHEPQ010000009.1_80095657_84198031	HG00733#1#JAHEPQ010000009.1_80095657_84198031	94.293	771	35	3	9	4102375	1170265	1171033	4102375	3062417	3061654	0.0	1316	1187	minus	HG00733#1#JAHEPQ010000009.1_80095657_84198031
HG00733#1#JAHEPQ010000009.1_80095657_84198031	HG00733#1#JAHEPQ010000009.1_80095657_84198031	94.293	771	35	3	9	4102375	1170265	1171033	4102375	3544971	3544208	0.0	1316	1187	minus	HG00733#1#JAHEPQ010000009.1_80095657_84198031
HG00733#1#JAHEPQ010000009.1_80095657_84198031	HG00733#1#JAHEPQ010000009.1_80095657_84198031	80.769	1300	214	14	36	4102375	973920	975198	4102375	3974070	3972786	0.0	1316	1187	minus	HG00733#1#JAHEPQ010000009.1_80095657_84198031
HG00733#1#JAHEPQ010000009.1_80095657_84198031	HG00733#1#JAHEPQ010000009.1_80095657_84198031	93.862	782	37	4	11	4102375	1170256	1171033	4102375	557262	558036	0.0	1315	1187	plus	HG00733#1#JAHEPQ010000009.1_80095657_84198031
HG00733#1#JAHEPQ010000009.1_80095657_84198031	HG00733#1#JAHEPQ010000009.1_80095657_84198031	93.862	782	37	4	11	4102375	557262	558036	4102375	1170256	1171033	0.0	1315	1187	plus	HG00733#1#JAHEPQ010000009.1_80095657_84198031
HG00733#1#JAHEPQ010000009.1_80095657_84198031	HG00733#1#JAHEPQ010000009.1_80095657_84198031	86.821	994	114	8	17	4102375	2211097	2212078	4102375	1378253	1379241	0.0	1310	1182	plus	HG00733#1#JAHEPQ010000009.1_80095657_84198031
HG00733#1#JAHEPQ010000009.1_80095657_84198031	HG00733#1#JAHEPQ010000009.1_80095657_84198031	86.821	994	114	8	17	4102375	3890167	3891148	4102375	1378253	1379241	0.0	1310	1182	plus	HG00733#1#JAHEPQ010000009.1_80095657_84198031
HG00733#1#JAHEPQ010000009.1_80095657_84198031	HG00733#1#JAHEPQ010000009.1_80095657_84198031	86.821	994	114	8	17	4102375	1378253	1379241	4102375	2211097	2212078	0.0	1310	1182	plus	HG00733#1#JAHEPQ010000009.1_80095657_84198031
HG00733#1#JAHEPQ010000009.1_80095657_84198031	HG00733#1#JAHEPQ010000009.1_80095657_84198031	86.821	994	114	8	17	4102375	1378253	1379241	4102375	3890167	3891148	0.0	1310	1182	plus	HG00733#1#JAHEPQ010000009.1_80095657_84198031
HG00733#1#JAHEPQ010000009.1_80095657_84198031	HG00733#1#JAHEPQ010000009.1_80095657_84198031	76.294	1662	238	41	156	4102375	3961654	3963255	4102375	3780277	3778712	0.0	1305	1177	minus	HG00733#1#JAHEPQ010000009.1_80095657_84198031
HG00733#1#JAHEPQ010000009.1_80095657_84198031	HG00733#1#JAHEPQ010000009.1_80095657_84198031	76.294	1662	238	41	156	4102375	3778712	3780277	4102375	3963255	3961654	0.0	1305	1177	minus	HG00733#1#JAHEPQ010000009.1_80095657_84198031
HG00733#1#JAHEPQ010000009.1_80095657_84198031	HG00733#1#JAHEPQ010000009.1_80095657_84198031	80.122	1308	254	4	6	4102375	1377799	1379103	4102375	158119	156815	0.0	1302	1175	minus	HG00733#1#JAHEPQ010000009.1_80095657_84198031
HG00733#1#JAHEPQ010000009.1_80095657_84198031	HG00733#1#JAHEPQ010000009.1_80095657_84198031	80.122	1308	254	4	6	4102375	156815	158119	4102375	1379103	1377799	0.0	1302	1175	minus	HG00733#1#JAHEPQ010000009.1_80095657_84198031
HG00733#1#JAHEPQ010000009.1_80095657_84198031	HG00733#1#JAHEPQ010000009.1_80095657_84198031	93.774	771	36	4	12	4102375	1866087	1866847	4102375	1171033	1170265	0.0	1294	1168	minus	HG00733#1#JAHEPQ010000009.1_80095657_84198031
HG00733#1#JAHEPQ010000009.1_80095657_84198031	HG00733#1#JAHEPQ010000009.1_80095657_84198031	93.774	771	36	4	12	4102375	1170265	1171033	4102375	1866847	1866087	0.0	1294	1168	minus	HG00733#1#JAHEPQ010000009.1_80095657_84198031
HG00733#1#JAHEPQ010000009.1_80095657_84198031	HG00733#1#JAHEPQ010000009.1_80095657_84198031	76.233	1662	240	42	155	4102375	3961654	3963255	4102375	2101666	2100100	0.0	1294	1168	minus	HG00733#1#JAHEPQ010000009.1_80095657_84198031
HG00733#1#JAHEPQ010000009.1_80095657_84198031	HG00733#1#JAHEPQ010000009.1_80095657_84198031	76.233	1662	240	42	155	4102375	2100100	2101666	4102375	3963255	3961654	0.0	1294	1168	minus	HG00733#1#JAHEPQ010000009.1_80095657_84198031
HG00733#1#JAHEPQ010000009.1_80095657_84198031	HG00733#1#JAHEPQ010000009.1_80095657_84198031	80.308	1300	221	13	35	4102375	3797985	3799269	4102375	975199	973920	0.0	1290	1164	minus	HG00733#1#JAHEPQ010000009.1_80095657_84198031
HG00733#1#JAHEPQ010000009.1_80095657_84198031	HG00733#1#JAHEPQ010000009.1_80095657_84198031	80.308	1300	221	13	35	4102375	973920	975199	4102375	3799269	3797985	0.0	1290	1164	minus	HG00733#1#JAHEPQ010000009.1_80095657_84198031
HG00733#1#JAHEPQ010000009.1_80095657_84198031	HG00733#1#JAHEPQ010000009.1_80095657_84198031	80.426	1267	178	15	70	4102375	3817773	3819020	4102375	960330	959115	0.0	1289	1163	minus	HG00733#1#JAHEPQ010000009.1_80095657_84198031
HG00733#1#JAHEPQ010000009.1_80095657_84198031	HG00733#1#JAHEPQ010000009.1_80095657_84198031	78.332	1403	286	3	18	4102375	962329	963713	4102375	963391	964793	0.0	1289	1163	plus	HG00733#1#JAHEPQ010000009.1_80095657_84198031
HG00733#1#JAHEPQ010000009.1_80095657_84198031	HG00733#1#JAHEPQ010000009.1_80095657_84198031	80.426	1267	178	15	70	4102375	959115	960330	4102375	3819020	3817773	0.0	1289	1163	minus	HG00733#1#JAHEPQ010000009.1_80095657_84198031
HG00733#1#JAHEPQ010000009.1_80095657_84198031	HG00733#1#JAHEPQ010000009.1_80095657_84198031	78.344	1473	276	22	43	4102375	144544	146008	4102375	73936	75373	0.0	1284	1159	plus	HG00733#1#JAHEPQ010000009.1_80095657_84198031
HG00733#1#JAHEPQ010000009.1_80095657_84198031	HG00733#1#JAHEPQ010000009.1_80095657_84198031	78.344	1473	276	22	43	4102375	73936	75373	4102375	144544	146008	0.0	1284	1159	plus	HG00733#1#JAHEPQ010000009.1_80095657_84198031
HG00733#1#JAHEPQ010000009.1_80095657_84198031	HG00733#1#JAHEPQ010000009.1_80095657_84198031	79.274	1322	203	14	71	4102375	987398	988663	4102375	74099	75405	0.0	1275	1150	plus	HG00733#1#JAHEPQ010000009.1_80095657_84198031
HG00733#1#JAHEPQ010000009.1_80095657_84198031	HG00733#1#JAHEPQ010000009.1_80095657_84198031	79.274	1322	203	14	71	4102375	74099	75405	4102375	987398	988663	0.0	1275	1150	plus	HG00733#1#JAHEPQ010000009.1_80095657_84198031
HG00733#1#JAHEPQ010000009.1_80095657_84198031	HG00733#1#JAHEPQ010000009.1_80095657_84198031	71.387	2401	605	36	82	4102375	943486	945827	4102375	73930	71553	0.0	1269	1145	minus	HG00733#1#JAHEPQ010000009.1_80095657_84198031
HG00733#1#JAHEPQ010000009.1_80095657_84198031	HG00733#1#JAHEPQ010000009.1_80095657_84198031	71.387	2401	605	36	82	4102375	71553	73930	4102375	945827	943486	0.0	1269	1145	minus	HG00733#1#JAHEPQ010000009.1_80095657_84198031
HG00733#1#JAHEPQ010000009.1_80095657_84198031	HG00733#1#JAHEPQ010000009.1_80095657_84198031	80.110	1267	182	15	70	4102375	2139109	2140356	4102375	960330	959115	0.0	1269	1145	minus	HG00733#1#JAHEPQ010000009.1_80095657_84198031
HG00733#1#JAHEPQ010000009.1_80095657_84198031	HG00733#1#JAHEPQ010000009.1_80095657_84198031	80.110	1267	182	15	70	4102375	959115	960330	4102375	2140356	2139109	0.0	1269	1145	minus	HG00733#1#JAHEPQ010000009.1_80095657_84198031
HG00733#1#JAHEPQ010000009.1_80095657_84198031	HG00733#1#JAHEPQ010000009.1_80095657_84198031	76.613	1612	274	35	103	4102375	3749969	3751531	4102375	937713	936156	0.0	1267	1143	minus	HG00733#1#JAHEPQ010000009.1_80095657_84198031
HG00733#1#JAHEPQ010000009.1_80095657_84198031	HG00733#1#JAHEPQ010000009.1_80095657_84198031	76.613	1612	274	35	103	4102375	936156	937713	4102375	3751531	3749969	0.0	1267	1143	minus	HG00733#1#JAHEPQ010000009.1_80095657_84198031
HG00733#1#JAHEPQ010000009.1_80095657_84198031	HG00733#1#JAHEPQ010000009.1_80095657_84198031	79.620	1315	253	8	15	4102375	156811	158123	4102375	75252	73951	0.0	1265	1141	minus	HG00733#1#JAHEPQ010000009.1_80095657_84198031
HG00733#1#JAHEPQ010000009.1_80095657_84198031	HG00733#1#JAHEPQ010000009.1_80095657_84198031	79.620	1315	253	8	15	4102375	73951	75252	4102375	158123	156811	0.0	1265	1141	minus	HG00733#1#JAHEPQ010000009.1_80095657_84198031
HG00733#1#JAHEPQ010000009.1_80095657_84198031	HG00733#1#JAHEPQ010000009.1_80095657_84198031	78.587	1359	291	0	0	4102375	963435	964793	4102375	962355	963713	0.0	1263	1140	plus	HG00733#1#JAHEPQ010000009.1_80095657_84198031
HG00733#1#JAHEPQ010000009.1_80095657_84198031	HG00733#1#JAHEPQ010000009.1_80095657_84198031	87.073	936	102	5	19	4102375	571533	572453	4102375	74480	75411	0.0	1261	1138	plus	HG00733#1#JAHEPQ010000009.1_80095657_84198031
HG00733#1#JAHEPQ010000009.1_80095657_84198031	HG00733#1#JAHEPQ010000009.1_80095657_84198031	87.073	936	102	5	19	4102375	3529777	3530697	4102375	75411	74480	0.0	1261	1138	minus	HG00733#1#JAHEPQ010000009.1_80095657_84198031
HG00733#1#JAHEPQ010000009.1_80095657_84198031	HG00733#1#JAHEPQ010000009.1_80095657_84198031	87.073	936	102	5	19	4102375	3047223	3048143	4102375	75411	74480	0.0	1261	1138	minus	HG00733#1#JAHEPQ010000009.1_80095657_84198031
HG00733#1#JAHEPQ010000009.1_80095657_84198031	HG00733#1#JAHEPQ010000009.1_80095657_84198031	87.073	936	102	5	19	4102375	2564723	2565643	4102375	75411	74480	0.0	1261	1138	minus	HG00733#1#JAHEPQ010000009.1_80095657_84198031
HG00733#1#JAHEPQ010000009.1_80095657_84198031	HG00733#1#JAHEPQ010000009.1_80095657_84198031	87.073	936	102	5	19	4102375	74480	75411	4102375	571533	572453	0.0	1261	1138	plus	HG00733#1#JAHEPQ010000009.1_80095657_84198031
HG00733#1#JAHEPQ010000009.1_80095657_84198031	HG00733#1#JAHEPQ010000009.1_80095657_84198031	87.073	936	102	5	19	4102375	74480	75411	4102375	2565643	2564723	0.0	1261	1138	minus	HG00733#1#JAHEPQ010000009.1_80095657_84198031
HG00733#1#JAHEPQ010000009.1_80095657_84198031	HG00733#1#JAHEPQ010000009.1_80095657_84198031	87.073	936	102	5	19	4102375	74480	75411	4102375	3048143	3047223	0.0	1261	1138	minus	HG00733#1#JAHEPQ010000009.1_80095657_84198031
HG00733#1#JAHEPQ010000009.1_80095657_84198031	HG00733#1#JAHEPQ010000009.1_80095657_84198031	87.073	936	102	5	19	4102375	74480	75411	4102375	3530697	3529777	0.0	1261	1138	minus	HG00733#1#JAHEPQ010000009.1_80095657_84198031
HG00733#1#JAHEPQ010000009.1_80095657_84198031	HG00733#1#JAHEPQ010000009.1_80095657_84198031	82.328	1194	90	39	121	4102375	1051775	1052853	4102375	1050938	1052125	0.0	1259	1136	plus	HG00733#1#JAHEPQ010000009.1_80095657_84198031
HG00733#1#JAHEPQ010000009.1_80095657_84198031	HG00733#1#JAHEPQ010000009.1_80095657_84198031	86.859	936	104	5	19	4102375	1851678	1852598	4102375	75411	74480	0.0	1251	1129	minus	HG00733#1#JAHEPQ010000009.1_80095657_84198031
HG00733#1#JAHEPQ010000009.1_80095657_84198031	HG00733#1#JAHEPQ010000009.1_80095657_84198031	86.859	936	104	5	19	4102375	74480	75411	4102375	1852598	1851678	0.0	1251	1129	minus	HG00733#1#JAHEPQ010000009.1_80095657_84198031
HG00733#1#JAHEPQ010000009.1_80095657_84198031	HG00733#1#JAHEPQ010000009.1_80095657_84198031	75.985	1649	258	41	138	4102375	3785407	3787000	4102375	3780277	3778712	0.0	1251	1129	minus	HG00733#1#JAHEPQ010000009.1_80095657_84198031
HG00733#1#JAHEPQ010000009.1_80095657_84198031	HG00733#1#JAHEPQ010000009.1_80095657_84198031	75.985	1649	258	41	138	4102375	3778712	3780277	4102375	3787000	3785407	0.0	1251	1129	minus	HG00733#1#JAHEPQ010000009.1_80095657_84198031
HG00733#1#JAHEPQ010000009.1_80095657_84198031	HG00733#1#JAHEPQ010000009.1_80095657_84198031	92.670	764	56	0	0	4102375	3850363	3851126	4102375	3850078	3850841	0.0	1248	1126	plus	HG00733#1#JAHEPQ010000009.1_80095657_84198031
HG00733#1#JAHEPQ010000009.1_80095657_84198031	HG00733#1#JAHEPQ010000009.1_80095657_84198031	92.670	764	56	0	0	4102375	3850078	3850841	4102375	3850363	3851126	0.0	1248	1126	plus	HG00733#1#JAHEPQ010000009.1_80095657_84198031
HG00733#1#JAHEPQ010000009.1_80095657_84198031	HG00733#1#JAHEPQ010000009.1_80095657_84198031	76.416	1607	276	35	103	4102375	2071458	2073015	4102375	937713	936161	0.0	1247	1125	minus	HG00733#1#JAHEPQ010000009.1_80095657_84198031
HG00733#1#JAHEPQ010000009.1_80095657_84198031	HG00733#1#JAHEPQ010000009.1_80095657_84198031	76.416	1607	276	35	103	4102375	936161	937713	4102375	2073015	2071458	0.0	1247	1125	minus	HG00733#1#JAHEPQ010000009.1_80095657_84198031
HG00733#1#JAHEPQ010000009.1_80095657_84198031	HG00733#1#JAHEPQ010000009.1_80095657_84198031	74.136	1794	317	35	147	4102375	3970789	3972536	4102375	977162	975470	0.0	1240	1119	minus	HG00733#1#JAHEPQ010000009.1_80095657_84198031
HG00733#1#JAHEPQ010000009.1_80095657_84198031	HG00733#1#JAHEPQ010000009.1_80095657_84198031	74.136	1794	317	35	147	4102375	975470	977162	4102375	3972536	3970789	0.0	1240	1119	minus	HG00733#1#JAHEPQ010000009.1_80095657_84198031
HG00733#1#JAHEPQ010000009.1_80095657_84198031	HG00733#1#JAHEPQ010000009.1_80095657_84198031	75.879	1650	259	42	139	4102375	3785407	3787000	4102375	2101666	2100100	0.0	1239	1118	minus	HG00733#1#JAHEPQ010000009.1_80095657_84198031
HG00733#1#JAHEPQ010000009.1_80095657_84198031	HG00733#1#JAHEPQ010000009.1_80095657_84198031	75.879	1650	259	42	139	4102375	2100100	2101666	4102375	3787000	3785407	0.0	1239	1118	minus	HG00733#1#JAHEPQ010000009.1_80095657_84198031
HG00733#1#JAHEPQ010000009.1_80095657_84198031	HG00733#1#JAHEPQ010000009.1_80095657_84198031	91.763	777	64	0	0	4102375	3850344	3851120	4102375	3850078	3850854	0.0	1234	1113	plus	HG00733#1#JAHEPQ010000009.1_80095657_84198031
HG00733#1#JAHEPQ010000009.1_80095657_84198031	HG00733#1#JAHEPQ010000009.1_80095657_84198031	91.763	777	64	0	0	4102375	3850078	3850854	4102375	3850344	3851120	0.0	1234	1113	plus	HG00733#1#JAHEPQ010000009.1_80095657_84198031
HG00733#1#JAHEPQ010000009.1_80095657_84198031	HG00733#1#JAHEPQ010000009.1_80095657_84198031	75.712	1651	255	42	146	4102375	3778712	3780277	4102375	2108394	2106805	0.0	1233	1113	minus	HG00733#1#JAHEPQ010000009.1_80095657_84198031
HG00733#1#JAHEPQ010000009.1_80095657_84198031	HG00733#1#JAHEPQ010000009.1_80095657_84198031	75.712	1651	255	42	146	4102375	2106805	2108394	4102375	3780277	3778712	0.0	1233	1113	minus	HG00733#1#JAHEPQ010000009.1_80095657_84198031
HG00733#1#JAHEPQ010000009.1_80095657_84198031	HG00733#1#JAHEPQ010000009.1_80095657_84198031	84.608	1020	111	14	46	4102375	3890167	3891172	4102375	46434	45447	0.0	1231	1111	minus	HG00733#1#JAHEPQ010000009.1_80095657_84198031
HG00733#1#JAHEPQ010000009.1_80095657_84198031	HG00733#1#JAHEPQ010000009.1_80095657_84198031	84.608	1020	111	14	46	4102375	2211097	2212102	4102375	46434	45447	0.0	1231	1111	minus	HG00733#1#JAHEPQ010000009.1_80095657_84198031
HG00733#1#JAHEPQ010000009.1_80095657_84198031	HG00733#1#JAHEPQ010000009.1_80095657_84198031	84.608	1020	111	14	46	4102375	45447	46434	4102375	2212102	2211097	0.0	1231	1111	minus	HG00733#1#JAHEPQ010000009.1_80095657_84198031
HG00733#1#JAHEPQ010000009.1_80095657_84198031	HG00733#1#JAHEPQ010000009.1_80095657_84198031	84.608	1020	111	14	46	4102375	45447	46434	4102375	3891172	3890167	0.0	1231	1111	minus	HG00733#1#JAHEPQ010000009.1_80095657_84198031
HG00733#1#JAHEPQ010000009.1_80095657_84198031	HG00733#1#JAHEPQ010000009.1_80095657_84198031	77.950	1356	228	13	71	4102375	1377942	1379287	4102375	987398	988692	0.0	1223	1104	plus	HG00733#1#JAHEPQ010000009.1_80095657_84198031
HG00733#1#JAHEPQ010000009.1_80095657_84198031	HG00733#1#JAHEPQ010000009.1_80095657_84198031	77.950	1356	228	13	71	4102375	987398	988692	4102375	1377942	1379287	0.0	1223	1104	plus	HG00733#1#JAHEPQ010000009.1_80095657_84198031
HG00733#1#JAHEPQ010000009.1_80095657_84198031	HG00733#1#JAHEPQ010000009.1_80095657_84198031	78.442	1322	267	3	18	4102375	962356	963659	4102375	963472	964793	0.0	1222	1103	plus	HG00733#1#JAHEPQ010000009.1_80095657_84198031
HG00733#1#JAHEPQ010000009.1_80095657_84198031	HG00733#1#JAHEPQ010000009.1_80095657_84198031	75.651	1651	257	43	145	4102375	2106805	2108394	4102375	2101666	2100100	0.0	1222	1103	minus	HG00733#1#JAHEPQ010000009.1_80095657_84198031
HG00733#1#JAHEPQ010000009.1_80095657_84198031	HG00733#1#JAHEPQ010000009.1_80095657_84198031	75.651	1651	257	43	145	4102375	2100100	2101666	4102375	2108394	2106805	0.0	1222	1103	minus	HG00733#1#JAHEPQ010000009.1_80095657_84198031
HG00733#1#JAHEPQ010000009.1_80095657_84198031	HG00733#1#JAHEPQ010000009.1_80095657_84198031	85.654	948	96	7	40	4102375	2564710	2565641	4102375	45443	46366	0.0	1221	1102	plus	HG00733#1#JAHEPQ010000009.1_80095657_84198031
HG00733#1#JAHEPQ010000009.1_80095657_84198031	HG00733#1#JAHEPQ010000009.1_80095657_84198031	85.654	948	96	7	40	4102375	3047210	3048141	4102375	45443	46366	0.0	1221	1102	plus	HG00733#1#JAHEPQ010000009.1_80095657_84198031
HG00733#1#JAHEPQ010000009.1_80095657_84198031	HG00733#1#JAHEPQ010000009.1_80095657_84198031	85.654	948	96	7	40	4102375	3529764	3530695	4102375	45443	46366	0.0	1221	1102	plus	HG00733#1#JAHEPQ010000009.1_80095657_84198031
HG00733#1#JAHEPQ010000009.1_80095657_84198031	HG00733#1#JAHEPQ010000009.1_80095657_84198031	85.654	948	96	7	40	4102375	571535	572466	4102375	46366	45443	0.0	1221	1102	minus	HG00733#1#JAHEPQ010000009.1_80095657_84198031
HG00733#1#JAHEPQ010000009.1_80095657_84198031	HG00733#1#JAHEPQ010000009.1_80095657_84198031	85.654	948	96	7	40	4102375	45443	46366	4102375	572466	571535	0.0	1221	1102	minus	HG00733#1#JAHEPQ010000009.1_80095657_84198031
HG00733#1#JAHEPQ010000009.1_80095657_84198031	HG00733#1#JAHEPQ010000009.1_80095657_84198031	85.654	948	96	7	40	4102375	45443	46366	4102375	2564710	2565641	0.0	1221	1102	plus	HG00733#1#JAHEPQ010000009.1_80095657_84198031
HG00733#1#JAHEPQ010000009.1_80095657_84198031	HG00733#1#JAHEPQ010000009.1_80095657_84198031	85.654	948	96	7	40	4102375	45443	46366	4102375	3047210	3048141	0.0	1221	1102	plus	HG00733#1#JAHEPQ010000009.1_80095657_84198031
HG00733#1#JAHEPQ010000009.1_80095657_84198031	HG00733#1#JAHEPQ010000009.1_80095657_84198031	85.654	948	96	7	40	4102375	45443	46366	4102375	3529764	3530695	0.0	1221	1102	plus	HG00733#1#JAHEPQ010000009.1_80095657_84198031
HG00733#1#JAHEPQ010000009.1_80095657_84198031	HG00733#1#JAHEPQ010000009.1_80095657_84198031	77.778	1350	264	4	36	4102375	963462	964793	4102375	962328	963659	0.0	1216	1097	plus	HG00733#1#JAHEPQ010000009.1_80095657_84198031
HG00733#1#JAHEPQ010000009.1_80095657_84198031	HG00733#1#JAHEPQ010000009.1_80095657_84198031	77.546	1345	210	12	92	4102375	987398	988686	4102375	46744	45436	0.0	1212	1094	minus	HG00733#1#JAHEPQ010000009.1_80095657_84198031
HG00733#1#JAHEPQ010000009.1_80095657_84198031	HG00733#1#JAHEPQ010000009.1_80095657_84198031	77.546	1345	210	12	92	4102375	45436	46744	4102375	988686	987398	0.0	1212	1094	minus	HG00733#1#JAHEPQ010000009.1_80095657_84198031
HG00733#1#JAHEPQ010000009.1_80095657_84198031	HG00733#1#JAHEPQ010000009.1_80095657_84198031	85.428	947	98	7	40	4102375	1851666	1852596	4102375	45444	46366	0.0	1209	1091	plus	HG00733#1#JAHEPQ010000009.1_80095657_84198031
HG00733#1#JAHEPQ010000009.1_80095657_84198031	HG00733#1#JAHEPQ010000009.1_80095657_84198031	85.428	947	98	7	40	4102375	45444	46366	4102375	1851666	1852596	0.0	1209	1091	plus	HG00733#1#JAHEPQ010000009.1_80095657_84198031
HG00733#1#JAHEPQ010000009.1_80095657_84198031	HG00733#1#JAHEPQ010000009.1_80095657_84198031	72.200	2018	303	58	258	4102375	3778410	3780277	4102375	995448	997357	0.0	1199	1082	plus	HG00733#1#JAHEPQ010000009.1_80095657_84198031
HG00733#1#JAHEPQ010000009.1_80095657_84198031	HG00733#1#JAHEPQ010000009.1_80095657_84198031	72.200	2018	303	58	258	4102375	995448	997357	4102375	3778410	3780277	0.0	1199	1082	plus	HG00733#1#JAHEPQ010000009.1_80095657_84198031
HG00733#1#JAHEPQ010000009.1_80095657_84198031	HG00733#1#JAHEPQ010000009.1_80095657_84198031	78.659	1312	250	12	30	4102375	156811	158119	4102375	45603	46887	0.0	1194	1077	plus	HG00733#1#JAHEPQ010000009.1_80095657_84198031
HG00733#1#JAHEPQ010000009.1_80095657_84198031	HG00733#1#JAHEPQ010000009.1_80095657_84198031	78.659	1312	250	12	30	4102375	45603	46887	4102375	156811	158119	0.0	1194	1077	plus	HG00733#1#JAHEPQ010000009.1_80095657_84198031
HG00733#1#JAHEPQ010000009.1_80095657_84198031	HG00733#1#JAHEPQ010000009.1_80095657_84198031	77.854	1314	255	3	36	4102375	962328	963605	4102375	963480	964793	0.0	1194	1077	plus	HG00733#1#JAHEPQ010000009.1_80095657_84198031
HG00733#1#JAHEPQ010000009.1_80095657_84198031	HG00733#1#JAHEPQ010000009.1_80095657_84198031	72.151	2018	305	58	257	4102375	2099798	2101666	4102375	995448	997357	0.0	1193	1076	plus	HG00733#1#JAHEPQ010000009.1_80095657_84198031
HG00733#1#JAHEPQ010000009.1_80095657_84198031	HG00733#1#JAHEPQ010000009.1_80095657_84198031	72.151	2018	305	58	257	4102375	995448	997357	4102375	2099798	2101666	0.0	1193	1076	plus	HG00733#1#JAHEPQ010000009.1_80095657_84198031
HG00733#1#JAHEPQ010000009.1_80095657_84198031	HG00733#1#JAHEPQ010000009.1_80095657_84198031	90.710	775	51	5	21	4102375	1170261	1171033	4102375	572470	571715	0.0	1186	1070	minus	HG00733#1#JAHEPQ010000009.1_80095657_84198031
HG00733#1#JAHEPQ010000009.1_80095657_84198031	HG00733#1#JAHEPQ010000009.1_80095657_84198031	73.509	1744	294	32	168	4102375	2117338	2119037	4102375	977162	975543	0.0	1186	1070	minus	HG00733#1#JAHEPQ010000009.1_80095657_84198031
HG00733#1#JAHEPQ010000009.1_80095657_84198031	HG00733#1#JAHEPQ010000009.1_80095657_84198031	90.710	775	51	5	21	4102375	2564706	2565461	4102375	1170261	1171033	0.0	1186	1070	plus	HG00733#1#JAHEPQ010000009.1_80095657_84198031
HG00733#1#JAHEPQ010000009.1_80095657_84198031	HG00733#1#JAHEPQ010000009.1_80095657_84198031	90.710	775	51	5	21	4102375	3047206	3047961	4102375	1170261	1171033	0.0	1186	1070	plus	HG00733#1#JAHEPQ010000009.1_80095657_84198031
HG00733#1#JAHEPQ010000009.1_80095657_84198031	HG00733#1#JAHEPQ010000009.1_80095657_84198031	90.710	775	51	5	21	4102375	3529760	3530515	4102375	1170261	1171033	0.0	1186	1070	plus	HG00733#1#JAHEPQ010000009.1_80095657_84198031
HG00733#1#JAHEPQ010000009.1_80095657_84198031	HG00733#1#JAHEPQ010000009.1_80095657_84198031	90.710	775	51	5	21	4102375	571715	572470	4102375	1171033	1170261	0.0	1186	1070	minus	HG00733#1#JAHEPQ010000009.1_80095657_84198031
HG00733#1#JAHEPQ010000009.1_80095657_84198031	HG00733#1#JAHEPQ010000009.1_80095657_84198031	73.509	1744	294	32	168	4102375	975543	977162	4102375	2119037	2117338	0.0	1186	1070	minus	HG00733#1#JAHEPQ010000009.1_80095657_84198031
HG00733#1#JAHEPQ010000009.1_80095657_84198031	HG00733#1#JAHEPQ010000009.1_80095657_84198031	90.710	775	51	5	21	4102375	1170261	1171033	4102375	2564706	2565461	0.0	1186	1070	plus	HG00733#1#JAHEPQ010000009.1_80095657_84198031
HG00733#1#JAHEPQ010000009.1_80095657_84198031	HG00733#1#JAHEPQ010000009.1_80095657_84198031	90.710	775	51	5	21	4102375	1170261	1171033	4102375	3047206	3047961	0.0	1186	1070	plus	HG00733#1#JAHEPQ010000009.1_80095657_84198031
HG00733#1#JAHEPQ010000009.1_80095657_84198031	HG00733#1#JAHEPQ010000009.1_80095657_84198031	90.710	775	51	5	21	4102375	1170261	1171033	4102375	3529760	3530515	0.0	1186	1070	plus	HG00733#1#JAHEPQ010000009.1_80095657_84198031
HG00733#1#JAHEPQ010000009.1_80095657_84198031	HG00733#1#JAHEPQ010000009.1_80095657_84198031	87.401	881	98	7	13	4102375	1378401	1379280	4102375	952193	953061	0.0	1185	1069	plus	HG00733#1#JAHEPQ010000009.1_80095657_84198031
HG00733#1#JAHEPQ010000009.1_80095657_84198031	HG00733#1#JAHEPQ010000009.1_80095657_84198031	87.401	881	98	7	13	4102375	952193	953061	4102375	1378401	1379280	0.0	1185	1069	plus	HG00733#1#JAHEPQ010000009.1_80095657_84198031
HG00733#1#JAHEPQ010000009.1_80095657_84198031	HG00733#1#JAHEPQ010000009.1_80095657_84198031	75.517	1597	292	31	99	4102375	2140666	2142202	4102375	936156	937713	0.0	1183	1067	plus	HG00733#1#JAHEPQ010000009.1_80095657_84198031
HG00733#1#JAHEPQ010000009.1_80095657_84198031	HG00733#1#JAHEPQ010000009.1_80095657_84198031	75.517	1597	292	31	99	4102375	936156	937713	4102375	2140666	2142202	0.0	1183	1067	plus	HG00733#1#JAHEPQ010000009.1_80095657_84198031
HG00733#1#JAHEPQ010000009.1_80095657_84198031	HG00733#1#JAHEPQ010000009.1_80095657_84198031	77.233	1489	240	41	99	4102375	3769153	3770589	4102375	928351	926910	0.0	1177	1062	minus	HG00733#1#JAHEPQ010000009.1_80095657_84198031
HG00733#1#JAHEPQ010000009.1_80095657_84198031	HG00733#1#JAHEPQ010000009.1_80095657_84198031	78.162	1273	242	3	36	4102375	963539	964793	4102375	962351	963605	0.0	1177	1062	plus	HG00733#1#JAHEPQ010000009.1_80095657_84198031
HG00733#1#JAHEPQ010000009.1_80095657_84198031	HG00733#1#JAHEPQ010000009.1_80095657_84198031	90.755	768	50	5	21	4102375	1851668	1852416	4102375	1170268	1171033	0.0	1177	1062	plus	HG00733#1#JAHEPQ010000009.1_80095657_84198031
HG00733#1#JAHEPQ010000009.1_80095657_84198031	HG00733#1#JAHEPQ010000009.1_80095657_84198031	90.755	768	50	5	21	4102375	1170268	1171033	4102375	1851668	1852416	0.0	1177	1062	plus	HG00733#1#JAHEPQ010000009.1_80095657_84198031
HG00733#1#JAHEPQ010000009.1_80095657_84198031	HG00733#1#JAHEPQ010000009.1_80095657_84198031	77.233	1489	240	41	99	4102375	926910	928351	4102375	3770589	3769153	0.0	1177	1062	minus	HG00733#1#JAHEPQ010000009.1_80095657_84198031
HG00733#1#JAHEPQ010000009.1_80095657_84198031	HG00733#1#JAHEPQ010000009.1_80095657_84198031	73.460	1737	301	31	160	4102375	3795952	3797645	4102375	977162	975543	0.0	1174	1059	minus	HG00733#1#JAHEPQ010000009.1_80095657_84198031
HG00733#1#JAHEPQ010000009.1_80095657_84198031	HG00733#1#JAHEPQ010000009.1_80095657_84198031	73.460	1737	301	31	160	4102375	975543	977162	4102375	3797645	3795952	0.0	1174	1059	minus	HG00733#1#JAHEPQ010000009.1_80095657_84198031
HG00733#1#JAHEPQ010000009.1_80095657_84198031	HG00733#1#JAHEPQ010000009.1_80095657_84198031	87.241	870	93	6	18	4102375	2578979	2579841	4102375	74553	75411	0.0	1173	1058	plus	HG00733#1#JAHEPQ010000009.1_80095657_84198031
HG00733#1#JAHEPQ010000009.1_80095657_84198031	HG00733#1#JAHEPQ010000009.1_80095657_84198031	87.241	870	93	6	18	4102375	3061542	3062404	4102375	74553	75411	0.0	1173	1058	plus	HG00733#1#JAHEPQ010000009.1_80095657_84198031
HG00733#1#JAHEPQ010000009.1_80095657_84198031	HG00733#1#JAHEPQ010000009.1_80095657_84198031	87.241	870	93	6	18	4102375	3544096	3544958	4102375	74553	75411	0.0	1173	1058	plus	HG00733#1#JAHEPQ010000009.1_80095657_84198031
HG00733#1#JAHEPQ010000009.1_80095657_84198031	HG00733#1#JAHEPQ010000009.1_80095657_84198031	75.391	1597	294	31	99	4102375	3819329	3820865	4102375	936156	937713	0.0	1173	1058	plus	HG00733#1#JAHEPQ010000009.1_80095657_84198031
HG00733#1#JAHEPQ010000009.1_80095657_84198031	HG00733#1#JAHEPQ010000009.1_80095657_84198031	87.241	870	93	6	18	4102375	74553	75411	4102375	2578979	2579841	0.0	1173	1058	plus	HG00733#1#JAHEPQ010000009.1_80095657_84198031
HG00733#1#JAHEPQ010000009.1_80095657_84198031	HG00733#1#JAHEPQ010000009.1_80095657_84198031	87.241	870	93	6	18	4102375	74553	75411	4102375	3061542	3062404	0.0	1173	1058	plus	HG00733#1#JAHEPQ010000009.1_80095657_84198031
HG00733#1#JAHEPQ010000009.1_80095657_84198031	HG00733#1#JAHEPQ010000009.1_80095657_84198031	87.241	870	93	6	18	4102375	74553	75411	4102375	3544096	3544958	0.0	1173	1058	plus	HG00733#1#JAHEPQ010000009.1_80095657_84198031
HG00733#1#JAHEPQ010000009.1_80095657_84198031	HG00733#1#JAHEPQ010000009.1_80095657_84198031	75.391	1597	294	31	99	4102375	936156	937713	4102375	3819329	3820865	0.0	1173	1058	plus	HG00733#1#JAHEPQ010000009.1_80095657_84198031
HG00733#1#JAHEPQ010000009.1_80095657_84198031	HG00733#1#JAHEPQ010000009.1_80095657_84198031	78.148	1350	188	32	107	4102375	976088	977404	4102375	928358	927083	0.0	1172	1058	minus	HG00733#1#JAHEPQ010000009.1_80095657_84198031
HG00733#1#JAHEPQ010000009.1_80095657_84198031	HG00733#1#JAHEPQ010000009.1_80095657_84198031	78.148	1350	188	32	107	4102375	927083	928358	4102375	977404	976088	0.0	1172	1058	minus	HG00733#1#JAHEPQ010000009.1_80095657_84198031
HG00733#1#JAHEPQ010000009.1_80095657_84198031	HG00733#1#JAHEPQ010000009.1_80095657_84198031	76.918	1486	251	36	92	4102375	2090556	2091993	4102375	928351	926910	0.0	1169	1055	minus	HG00733#1#JAHEPQ010000009.1_80095657_84198031
HG00733#1#JAHEPQ010000009.1_80095657_84198031	HG00733#1#JAHEPQ010000009.1_80095657_84198031	81.723	1149	84	41	126	4102375	1051828	1052857	4102375	1050938	1052079	0.0	1169	1055	plus	HG00733#1#JAHEPQ010000009.1_80095657_84198031
HG00733#1#JAHEPQ010000009.1_80095657_84198031	HG00733#1#JAHEPQ010000009.1_80095657_84198031	76.918	1486	251	36	92	4102375	926910	928351	4102375	2091993	2090556	0.0	1169	1055	minus	HG00733#1#JAHEPQ010000009.1_80095657_84198031
HG00733#1#JAHEPQ010000009.1_80095657_84198031	HG00733#1#JAHEPQ010000009.1_80095657_84198031	87.141	871	93	7	19	4102375	557285	558148	4102375	75411	74553	0.0	1166	1052	minus	HG00733#1#JAHEPQ010000009.1_80095657_84198031
HG00733#1#JAHEPQ010000009.1_80095657_84198031	HG00733#1#JAHEPQ010000009.1_80095657_84198031	87.141	871	93	7	19	4102375	74553	75411	4102375	558148	557285	0.0	1166	1052	minus	HG00733#1#JAHEPQ010000009.1_80095657_84198031
HG00733#1#JAHEPQ010000009.1_80095657_84198031	HG00733#1#JAHEPQ010000009.1_80095657_84198031	87.283	865	97	7	13	4102375	952193	953052	4102375	74557	75413	0.0	1158	1045	plus	HG00733#1#JAHEPQ010000009.1_80095657_84198031
HG00733#1#JAHEPQ010000009.1_80095657_84198031	HG00733#1#JAHEPQ010000009.1_80095657_84198031	87.283	865	97	7	13	4102375	74557	75413	4102375	952193	953052	0.0	1158	1045	plus	HG00733#1#JAHEPQ010000009.1_80095657_84198031
HG00733#1#JAHEPQ010000009.1_80095657_84198031	HG00733#1#JAHEPQ010000009.1_80095657_84198031	86.689	879	94	8	23	4102375	3544096	3544973	4102375	46295	45439	0.0	1156	1043	minus	HG00733#1#JAHEPQ010000009.1_80095657_84198031
HG00733#1#JAHEPQ010000009.1_80095657_84198031	HG00733#1#JAHEPQ010000009.1_80095657_84198031	86.689	879	94	8	23	4102375	3061542	3062419	4102375	46295	45439	0.0	1156	1043	minus	HG00733#1#JAHEPQ010000009.1_80095657_84198031
HG00733#1#JAHEPQ010000009.1_80095657_84198031	HG00733#1#JAHEPQ010000009.1_80095657_84198031	86.689	879	94	8	23	4102375	2578979	2579856	4102375	46295	45439	0.0	1156	1043	minus	HG00733#1#JAHEPQ010000009.1_80095657_84198031
HG00733#1#JAHEPQ010000009.1_80095657_84198031	HG00733#1#JAHEPQ010000009.1_80095657_84198031	86.897	870	93	7	21	4102375	1865975	1866834	4102375	74553	75411	0.0	1156	1043	plus	HG00733#1#JAHEPQ010000009.1_80095657_84198031
HG00733#1#JAHEPQ010000009.1_80095657_84198031	HG00733#1#JAHEPQ010000009.1_80095657_84198031	86.897	870	93	7	21	4102375	74553	75411	4102375	1865975	1866834	0.0	1156	1043	plus	HG00733#1#JAHEPQ010000009.1_80095657_84198031
HG00733#1#JAHEPQ010000009.1_80095657_84198031	HG00733#1#JAHEPQ010000009.1_80095657_84198031	86.689	879	94	8	23	4102375	45439	46295	4102375	2579856	2578979	0.0	1156	1043	minus	HG00733#1#JAHEPQ010000009.1_80095657_84198031
HG00733#1#JAHEPQ010000009.1_80095657_84198031	HG00733#1#JAHEPQ010000009.1_80095657_84198031	86.689	879	94	8	23	4102375	45439	46295	4102375	3062419	3061542	0.0	1156	1043	minus	HG00733#1#JAHEPQ010000009.1_80095657_84198031
HG00733#1#JAHEPQ010000009.1_80095657_84198031	HG00733#1#JAHEPQ010000009.1_80095657_84198031	86.689	879	94	8	23	4102375	45439	46295	4102375	3544973	3544096	0.0	1156	1043	minus	HG00733#1#JAHEPQ010000009.1_80095657_84198031
HG00733#1#JAHEPQ010000009.1_80095657_84198031	HG00733#1#JAHEPQ010000009.1_80095657_84198031	86.591	880	94	8	24	4102375	557270	558148	4102375	45439	46295	0.0	1154	1041	plus	HG00733#1#JAHEPQ010000009.1_80095657_84198031
HG00733#1#JAHEPQ010000009.1_80095657_84198031	HG00733#1#JAHEPQ010000009.1_80095657_84198031	86.591	880	94	8	24	4102375	45439	46295	4102375	557270	558148	0.0	1154	1041	plus	HG00733#1#JAHEPQ010000009.1_80095657_84198031
HG00733#1#JAHEPQ010000009.1_80095657_84198031	HG00733#1#JAHEPQ010000009.1_80095657_84198031	73.190	1865	415	36	85	4102375	3986101	3987936	4102375	84261	82453	0.0	1135	1024	minus	HG00733#1#JAHEPQ010000009.1_80095657_84198031
HG00733#1#JAHEPQ010000009.1_80095657_84198031	HG00733#1#JAHEPQ010000009.1_80095657_84198031	73.190	1865	415	36	85	4102375	82453	84261	4102375	3987936	3986101	0.0	1135	1024	minus	HG00733#1#JAHEPQ010000009.1_80095657_84198031
HG00733#1#JAHEPQ010000009.1_80095657_84198031	HG00733#1#JAHEPQ010000009.1_80095657_84198031	86.234	879	95	9	26	4102375	1865975	1866849	4102375	46295	45439	0.0	1134	1023	minus	HG00733#1#JAHEPQ010000009.1_80095657_84198031
HG00733#1#JAHEPQ010000009.1_80095657_84198031	HG00733#1#JAHEPQ010000009.1_80095657_84198031	86.234	879	95	9	26	4102375	45439	46295	4102375	1866849	1865975	0.0	1134	1023	minus	HG00733#1#JAHEPQ010000009.1_80095657_84198031
HG00733#1#JAHEPQ010000009.1_80095657_84198031	HG00733#1#JAHEPQ010000009.1_80095657_84198031	89.673	765	78	1	1	4102375	3986101	3986865	4102375	950784	951547	0.0	1131	1021	plus	HG00733#1#JAHEPQ010000009.1_80095657_84198031
HG00733#1#JAHEPQ010000009.1_80095657_84198031	HG00733#1#JAHEPQ010000009.1_80095657_84198031	89.673	765	78	1	1	4102375	950784	951547	4102375	3986101	3986865	0.0	1131	1021	plus	HG00733#1#JAHEPQ010000009.1_80095657_84198031
HG00733#1#JAHEPQ010000009.1_80095657_84198031	HG00733#1#JAHEPQ010000009.1_80095657_84198031	85.975	877	95	8	28	4102375	952193	953061	4102375	571610	572466	0.0	1127	1017	plus	HG00733#1#JAHEPQ010000009.1_80095657_84198031
HG00733#1#JAHEPQ010000009.1_80095657_84198031	HG00733#1#JAHEPQ010000009.1_80095657_84198031	85.975	877	95	8	28	4102375	571610	572466	4102375	952193	953061	0.0	1127	1017	plus	HG00733#1#JAHEPQ010000009.1_80095657_84198031
HG00733#1#JAHEPQ010000009.1_80095657_84198031	HG00733#1#JAHEPQ010000009.1_80095657_84198031	85.975	877	95	8	28	4102375	3529764	3530620	4102375	953061	952193	0.0	1127	1017	minus	HG00733#1#JAHEPQ010000009.1_80095657_84198031
HG00733#1#JAHEPQ010000009.1_80095657_84198031	HG00733#1#JAHEPQ010000009.1_80095657_84198031	85.975	877	95	8	28	4102375	3047210	3048066	4102375	953061	952193	0.0	1127	1017	minus	HG00733#1#JAHEPQ010000009.1_80095657_84198031
HG00733#1#JAHEPQ010000009.1_80095657_84198031	HG00733#1#JAHEPQ010000009.1_80095657_84198031	85.975	877	95	8	28	4102375	2564710	2565566	4102375	953061	952193	0.0	1127	1017	minus	HG00733#1#JAHEPQ010000009.1_80095657_84198031
HG00733#1#JAHEPQ010000009.1_80095657_84198031	HG00733#1#JAHEPQ010000009.1_80095657_84198031	85.975	877	95	8	28	4102375	952193	953061	4102375	2565566	2564710	0.0	1127	1017	minus	HG00733#1#JAHEPQ010000009.1_80095657_84198031
HG00733#1#JAHEPQ010000009.1_80095657_84198031	HG00733#1#JAHEPQ010000009.1_80095657_84198031	85.975	877	95	8	28	4102375	952193	953061	4102375	3048066	3047210	0.0	1127	1017	minus	HG00733#1#JAHEPQ010000009.1_80095657_84198031
HG00733#1#JAHEPQ010000009.1_80095657_84198031	HG00733#1#JAHEPQ010000009.1_80095657_84198031	85.975	877	95	8	28	4102375	952193	953061	4102375	3530620	3529764	0.0	1127	1017	minus	HG00733#1#JAHEPQ010000009.1_80095657_84198031
HG00733#1#JAHEPQ010000009.1_80095657_84198031	HG00733#1#JAHEPQ010000009.1_80095657_84198031	85.943	875	97	7	26	4102375	1851667	1852521	4102375	953061	952193	0.0	1126	1016	minus	HG00733#1#JAHEPQ010000009.1_80095657_84198031
HG00733#1#JAHEPQ010000009.1_80095657_84198031	HG00733#1#JAHEPQ010000009.1_80095657_84198031	85.943	875	97	7	26	4102375	952193	953061	4102375	1852521	1851667	0.0	1126	1016	minus	HG00733#1#JAHEPQ010000009.1_80095657_84198031
HG00733#1#JAHEPQ010000009.1_80095657_84198031	HG00733#1#JAHEPQ010000009.1_80095657_84198031	82.639	1008	135	11	40	4102375	3987117	3988109	4102375	2211097	2212079	0.0	1126	1016	plus	HG00733#1#JAHEPQ010000009.1_80095657_84198031
HG00733#1#JAHEPQ010000009.1_80095657_84198031	HG00733#1#JAHEPQ010000009.1_80095657_84198031	82.639	1008	135	11	40	4102375	3987117	3988109	4102375	3890167	3891149	0.0	1126	1016	plus	HG00733#1#JAHEPQ010000009.1_80095657_84198031
HG00733#1#JAHEPQ010000009.1_80095657_84198031	HG00733#1#JAHEPQ010000009.1_80095657_84198031	82.639	1008	135	11	40	4102375	2211097	2212079	4102375	3987117	3988109	0.0	1126	1016	plus	HG00733#1#JAHEPQ010000009.1_80095657_84198031
HG00733#1#JAHEPQ010000009.1_80095657_84198031	HG00733#1#JAHEPQ010000009.1_80095657_84198031	82.639	1008	135	11	40	4102375	3890167	3891149	4102375	3987117	3988109	0.0	1126	1016	plus	HG00733#1#JAHEPQ010000009.1_80095657_84198031
HG00733#1#JAHEPQ010000009.1_80095657_84198031	HG00733#1#JAHEPQ010000009.1_80095657_84198031	91.796	707	58	0	0	4102375	3850420	3851126	4102375	3850078	3850784	0.0	1124	1014	plus	HG00733#1#JAHEPQ010000009.1_80095657_84198031
HG00733#1#JAHEPQ010000009.1_80095657_84198031	HG00733#1#JAHEPQ010000009.1_80095657_84198031	91.796	707	58	0	0	4102375	3850078	3850784	4102375	3850420	3851126	0.0	1124	1014	plus	HG00733#1#JAHEPQ010000009.1_80095657_84198031
HG00733#1#JAHEPQ010000009.1_80095657_84198031	HG00733#1#JAHEPQ010000009.1_80095657_84198031	69.601	2579	634	53	150	4102375	949009	951526	4102375	86002	83513	0.0	1123	1013	minus	HG00733#1#JAHEPQ010000009.1_80095657_84198031
HG00733#1#JAHEPQ010000009.1_80095657_84198031	HG00733#1#JAHEPQ010000009.1_80095657_84198031	69.601	2579	634	53	150	4102375	83513	86002	4102375	951526	949009	0.0	1123	1013	minus	HG00733#1#JAHEPQ010000009.1_80095657_84198031
HG00733#1#JAHEPQ010000009.1_80095657_84198031	HG00733#1#JAHEPQ010000009.1_80095657_84198031	75.751	1431	211	28	136	4102375	3911623	3912985	4102375	3912985	3911623	0.0	1123	1013	minus	HG00733#1#JAHEPQ010000009.1_80095657_84198031
HG00733#1#JAHEPQ010000009.1_80095657_84198031	HG00733#1#JAHEPQ010000009.1_80095657_84198031	75.787	1429	211	29	135	4102375	3911623	3912985	4102375	1522277	1520918	0.0	1118	1009	minus	HG00733#1#JAHEPQ010000009.1_80095657_84198031
HG00733#1#JAHEPQ010000009.1_80095657_84198031	HG00733#1#JAHEPQ010000009.1_80095657_84198031	75.787	1429	211	29	135	4102375	1520918	1522277	4102375	3912985	3911623	0.0	1118	1009	minus	HG00733#1#JAHEPQ010000009.1_80095657_84198031
HG00733#1#JAHEPQ010000009.1_80095657_84198031	HG00733#1#JAHEPQ010000009.1_80095657_84198031	75.647	1429	214	27	134	4102375	3911623	3912985	4102375	2233854	2232494	0.0	1117	1008	minus	HG00733#1#JAHEPQ010000009.1_80095657_84198031
HG00733#1#JAHEPQ010000009.1_80095657_84198031	HG00733#1#JAHEPQ010000009.1_80095657_84198031	75.647	1429	214	27	134	4102375	2232494	2233854	4102375	3912985	3911623	0.0	1117	1008	minus	HG00733#1#JAHEPQ010000009.1_80095657_84198031
HG00733#1#JAHEPQ010000009.1_80095657_84198031	HG00733#1#JAHEPQ010000009.1_80095657_84198031	75.823	1427	211	30	134	4102375	1520918	1522277	4102375	1522277	1520918	0.0	1113	1004	minus	HG00733#1#JAHEPQ010000009.1_80095657_84198031
HG00733#1#JAHEPQ010000009.1_80095657_84198031	HG00733#1#JAHEPQ010000009.1_80095657_84198031	75.683	1427	214	28	133	4102375	2232494	2233854	4102375	1522277	1520918	0.0	1112	1003	minus	HG00733#1#JAHEPQ010000009.1_80095657_84198031
HG00733#1#JAHEPQ010000009.1_80095657_84198031	HG00733#1#JAHEPQ010000009.1_80095657_84198031	75.683	1427	214	28	133	4102375	1520918	1522277	4102375	2233854	2232494	0.0	1112	1003	minus	HG00733#1#JAHEPQ010000009.1_80095657_84198031
HG00733#1#JAHEPQ010000009.1_80095657_84198031	HG00733#1#JAHEPQ010000009.1_80095657_84198031	75.794	1417	231	24	112	4102375	2232494	2233854	4102375	2233854	2232494	0.0	1111	1003	minus	HG00733#1#JAHEPQ010000009.1_80095657_84198031
HG00733#1#JAHEPQ010000009.1_80095657_84198031	HG00733#1#JAHEPQ010000009.1_80095657_84198031	94.844	640	30	2	3	4102375	3967419	3968058	4102375	2113766	2114402	0.0	1108	1000	plus	HG00733#1#JAHEPQ010000009.1_80095657_84198031
HG00733#1#JAHEPQ010000009.1_80095657_84198031	HG00733#1#JAHEPQ010000009.1_80095657_84198031	94.844	640	30	2	3	4102375	3967419	3968058	4102375	3792380	3793016	0.0	1108	1000	plus	HG00733#1#JAHEPQ010000009.1_80095657_84198031
HG00733#1#JAHEPQ010000009.1_80095657_84198031	HG00733#1#JAHEPQ010000009.1_80095657_84198031	94.844	640	30	2	3	4102375	2113766	2114402	4102375	3967419	3968058	0.0	1108	1000	plus	HG00733#1#JAHEPQ010000009.1_80095657_84198031
HG00733#1#JAHEPQ010000009.1_80095657_84198031	HG00733#1#JAHEPQ010000009.1_80095657_84198031	94.844	640	30	2	3	4102375	3792380	3793016	4102375	3967419	3968058	0.0	1108	1000	plus	HG00733#1#JAHEPQ010000009.1_80095657_84198031
HG00733#1#JAHEPQ010000009.1_80095657_84198031	HG00733#1#JAHEPQ010000009.1_80095657_84198031	84.314	918	114	9	30	4102375	2211168	2212078	4102375	571533	572427	0.0	1101	994	plus	HG00733#1#JAHEPQ010000009.1_80095657_84198031
HG00733#1#JAHEPQ010000009.1_80095657_84198031	HG00733#1#JAHEPQ010000009.1_80095657_84198031	84.314	918	114	9	30	4102375	3890238	3891148	4102375	571533	572427	0.0	1101	994	plus	HG00733#1#JAHEPQ010000009.1_80095657_84198031
HG00733#1#JAHEPQ010000009.1_80095657_84198031	HG00733#1#JAHEPQ010000009.1_80095657_84198031	84.314	918	114	9	30	4102375	3890238	3891148	4102375	1852598	1851704	0.0	1101	994	minus	HG00733#1#JAHEPQ010000009.1_80095657_84198031
HG00733#1#JAHEPQ010000009.1_80095657_84198031	HG00733#1#JAHEPQ010000009.1_80095657_84198031	84.314	918	114	9	30	4102375	2211168	2212078	4102375	1852598	1851704	0.0	1101	994	minus	HG00733#1#JAHEPQ010000009.1_80095657_84198031
HG00733#1#JAHEPQ010000009.1_80095657_84198031	HG00733#1#JAHEPQ010000009.1_80095657_84198031	84.314	918	114	9	30	4102375	571533	572427	4102375	2211168	2212078	0.0	1101	994	plus	HG00733#1#JAHEPQ010000009.1_80095657_84198031
HG00733#1#JAHEPQ010000009.1_80095657_84198031	HG00733#1#JAHEPQ010000009.1_80095657_84198031	84.314	918	114	9	30	4102375	3529803	3530697	4102375	2212078	2211168	0.0	1101	994	minus	HG00733#1#JAHEPQ010000009.1_80095657_84198031
HG00733#1#JAHEPQ010000009.1_80095657_84198031	HG00733#1#JAHEPQ010000009.1_80095657_84198031	84.314	918	114	9	30	4102375	3047249	3048143	4102375	2212078	2211168	0.0	1101	994	minus	HG00733#1#JAHEPQ010000009.1_80095657_84198031
HG00733#1#JAHEPQ010000009.1_80095657_84198031	HG00733#1#JAHEPQ010000009.1_80095657_84198031	84.314	918	114	9	30	4102375	2564749	2565643	4102375	2212078	2211168	0.0	1101	994	minus	HG00733#1#JAHEPQ010000009.1_80095657_84198031
HG00733#1#JAHEPQ010000009.1_80095657_84198031	HG00733#1#JAHEPQ010000009.1_80095657_84198031	84.314	918	114	9	30	4102375	1851704	1852598	4102375	2212078	2211168	0.0	1101	994	minus	HG00733#1#JAHEPQ010000009.1_80095657_84198031
HG00733#1#JAHEPQ010000009.1_80095657_84198031	HG00733#1#JAHEPQ010000009.1_80095657_84198031	84.314	918	114	9	30	4102375	3890238	3891148	4102375	2565643	2564749	0.0	1101	994	minus	HG00733#1#JAHEPQ010000009.1_80095657_84198031
HG00733#1#JAHEPQ010000009.1_80095657_84198031	HG00733#1#JAHEPQ010000009.1_80095657_84198031	84.314	918	114	9	30	4102375	2211168	2212078	4102375	2565643	2564749	0.0	1101	994	minus	HG00733#1#JAHEPQ010000009.1_80095657_84198031
HG00733#1#JAHEPQ010000009.1_80095657_84198031	HG00733#1#JAHEPQ010000009.1_80095657_84198031	84.314	918	114	9	30	4102375	3890238	3891148	4102375	3048143	3047249	0.0	1101	994	minus	HG00733#1#JAHEPQ010000009.1_80095657_84198031
HG00733#1#JAHEPQ010000009.1_80095657_84198031	HG00733#1#JAHEPQ010000009.1_80095657_84198031	84.314	918	114	9	30	4102375	2211168	2212078	4102375	3048143	3047249	0.0	1101	994	minus	HG00733#1#JAHEPQ010000009.1_80095657_84198031
HG00733#1#JAHEPQ010000009.1_80095657_84198031	HG00733#1#JAHEPQ010000009.1_80095657_84198031	84.314	918	114	9	30	4102375	3890238	3891148	4102375	3530697	3529803	0.0	1101	994	minus	HG00733#1#JAHEPQ010000009.1_80095657_84198031
HG00733#1#JAHEPQ010000009.1_80095657_84198031	HG00733#1#JAHEPQ010000009.1_80095657_84198031	84.314	918	114	9	30	4102375	2211168	2212078	4102375	3530697	3529803	0.0	1101	994	minus	HG00733#1#JAHEPQ010000009.1_80095657_84198031
HG00733#1#JAHEPQ010000009.1_80095657_84198031	HG00733#1#JAHEPQ010000009.1_80095657_84198031	84.314	918	114	9	30	4102375	571533	572427	4102375	3890238	3891148	0.0	1101	994	plus	HG00733#1#JAHEPQ010000009.1_80095657_84198031
HG00733#1#JAHEPQ010000009.1_80095657_84198031	HG00733#1#JAHEPQ010000009.1_80095657_84198031	84.314	918	114	9	30	4102375	3529803	3530697	4102375	3891148	3890238	0.0	1101	994	minus	HG00733#1#JAHEPQ010000009.1_80095657_84198031
HG00733#1#JAHEPQ010000009.1_80095657_84198031	HG00733#1#JAHEPQ010000009.1_80095657_84198031	84.314	918	114	9	30	4102375	3047249	3048143	4102375	3891148	3890238	0.0	1101	994	minus	HG00733#1#JAHEPQ010000009.1_80095657_84198031
HG00733#1#JAHEPQ010000009.1_80095657_84198031	HG00733#1#JAHEPQ010000009.1_80095657_84198031	84.314	918	114	9	30	4102375	2564749	2565643	4102375	3891148	3890238	0.0	1101	994	minus	HG00733#1#JAHEPQ010000009.1_80095657_84198031
HG00733#1#JAHEPQ010000009.1_80095657_84198031	HG00733#1#JAHEPQ010000009.1_80095657_84198031	84.314	918	114	9	30	4102375	1851704	1852598	4102375	3891148	3890238	0.0	1101	994	minus	HG00733#1#JAHEPQ010000009.1_80095657_84198031
HG00733#1#JAHEPQ010000009.1_80095657_84198031	HG00733#1#JAHEPQ010000009.1_80095657_84198031	76.607	1338	224	20	89	4102375	987399	988662	4102375	144708	146030	0.0	1100	993	plus	HG00733#1#JAHEPQ010000009.1_80095657_84198031
HG00733#1#JAHEPQ010000009.1_80095657_84198031	HG00733#1#JAHEPQ010000009.1_80095657_84198031	76.607	1338	224	20	89	4102375	144708	146030	4102375	987399	988662	0.0	1100	993	plus	HG00733#1#JAHEPQ010000009.1_80095657_84198031
HG00733#1#JAHEPQ010000009.1_80095657_84198031	HG00733#1#JAHEPQ010000009.1_80095657_84198031	73.349	1741	268	52	196	4102375	3961578	3963189	4102375	997429	995756	0.0	1098	991	minus	HG00733#1#JAHEPQ010000009.1_80095657_84198031
HG00733#1#JAHEPQ010000009.1_80095657_84198031	HG00733#1#JAHEPQ010000009.1_80095657_84198031	73.349	1741	268	52	196	4102375	995756	997429	4102375	3963189	3961578	0.0	1098	991	minus	HG00733#1#JAHEPQ010000009.1_80095657_84198031
HG00733#1#JAHEPQ010000009.1_80095657_84198031	HG00733#1#JAHEPQ010000009.1_80095657_84198031	85.567	873	95	10	31	4102375	952193	953058	4102375	46291	45443	0.0	1097	990	minus	HG00733#1#JAHEPQ010000009.1_80095657_84198031
HG00733#1#JAHEPQ010000009.1_80095657_84198031	HG00733#1#JAHEPQ010000009.1_80095657_84198031	85.567	873	95	10	31	4102375	45443	46291	4102375	953058	952193	0.0	1097	990	minus	HG00733#1#JAHEPQ010000009.1_80095657_84198031
HG00733#1#JAHEPQ010000009.1_80095657_84198031	HG00733#1#JAHEPQ010000009.1_80095657_84198031	85.257	875	100	11	29	4102375	3061546	3062408	4102375	2211245	2212102	0.0	1079	974	plus	HG00733#1#JAHEPQ010000009.1_80095657_84198031
HG00733#1#JAHEPQ010000009.1_80095657_84198031	HG00733#1#JAHEPQ010000009.1_80095657_84198031	85.257	875	100	11	29	4102375	3544100	3544962	4102375	2211245	2212102	0.0	1079	974	plus	HG00733#1#JAHEPQ010000009.1_80095657_84198031
HG00733#1#JAHEPQ010000009.1_80095657_84198031	HG00733#1#JAHEPQ010000009.1_80095657_84198031	85.257	875	100	11	29	4102375	2211245	2212102	4102375	3061546	3062408	0.0	1079	974	plus	HG00733#1#JAHEPQ010000009.1_80095657_84198031
HG00733#1#JAHEPQ010000009.1_80095657_84198031	HG00733#1#JAHEPQ010000009.1_80095657_84198031	85.257	875	100	11	29	4102375	3890315	3891172	4102375	3061546	3062408	0.0	1079	974	plus	HG00733#1#JAHEPQ010000009.1_80095657_84198031
HG00733#1#JAHEPQ010000009.1_80095657_84198031	HG00733#1#JAHEPQ010000009.1_80095657_84198031	85.257	875	100	11	29	4102375	2211245	2212102	4102375	3544100	3544962	0.0	1079	974	plus	HG00733#1#JAHEPQ010000009.1_80095657_84198031
HG00733#1#JAHEPQ010000009.1_80095657_84198031	HG00733#1#JAHEPQ010000009.1_80095657_84198031	85.257	875	100	11	29	4102375	3890315	3891172	4102375	3544100	3544962	0.0	1079	974	plus	HG00733#1#JAHEPQ010000009.1_80095657_84198031
HG00733#1#JAHEPQ010000009.1_80095657_84198031	HG00733#1#JAHEPQ010000009.1_80095657_84198031	85.257	875	100	11	29	4102375	3061546	3062408	4102375	3890315	3891172	0.0	1079	974	plus	HG00733#1#JAHEPQ010000009.1_80095657_84198031
HG00733#1#JAHEPQ010000009.1_80095657_84198031	HG00733#1#JAHEPQ010000009.1_80095657_84198031	85.257	875	100	11	29	4102375	3544100	3544962	4102375	3890315	3891172	0.0	1079	974	plus	HG00733#1#JAHEPQ010000009.1_80095657_84198031
HG00733#1#JAHEPQ010000009.1_80095657_84198031	HG00733#1#JAHEPQ010000009.1_80095657_84198031	75.491	1375	241	17	96	4102375	987399	988694	4102375	157975	156618	0.0	1076	971	minus	HG00733#1#JAHEPQ010000009.1_80095657_84198031
HG00733#1#JAHEPQ010000009.1_80095657_84198031	HG00733#1#JAHEPQ010000009.1_80095657_84198031	75.491	1375	241	17	96	4102375	156618	157975	4102375	988694	987399	0.0	1076	971	minus	HG00733#1#JAHEPQ010000009.1_80095657_84198031
HG00733#1#JAHEPQ010000009.1_80095657_84198031	HG00733#1#JAHEPQ010000009.1_80095657_84198031	85.143	875	101	11	29	4102375	2578983	2579845	4102375	2211245	2212102	0.0	1074	969	plus	HG00733#1#JAHEPQ010000009.1_80095657_84198031
HG00733#1#JAHEPQ010000009.1_80095657_84198031	HG00733#1#JAHEPQ010000009.1_80095657_84198031	85.143	875	101	11	29	4102375	2211245	2212102	4102375	2578983	2579845	0.0	1074	969	plus	HG00733#1#JAHEPQ010000009.1_80095657_84198031
HG00733#1#JAHEPQ010000009.1_80095657_84198031	HG00733#1#JAHEPQ010000009.1_80095657_84198031	85.143	875	101	11	29	4102375	3890315	3891172	4102375	2578983	2579845	0.0	1074	969	plus	HG00733#1#JAHEPQ010000009.1_80095657_84198031
HG00733#1#JAHEPQ010000009.1_80095657_84198031	HG00733#1#JAHEPQ010000009.1_80095657_84198031	85.143	875	101	11	29	4102375	2578983	2579845	4102375	3890315	3891172	0.0	1074	969	plus	HG00733#1#JAHEPQ010000009.1_80095657_84198031
HG00733#1#JAHEPQ010000009.1_80095657_84198031	HG00733#1#JAHEPQ010000009.1_80095657_84198031	85.160	876	100	12	30	4102375	3890315	3891172	4102375	558144	557281	0.0	1072	967	minus	HG00733#1#JAHEPQ010000009.1_80095657_84198031
HG00733#1#JAHEPQ010000009.1_80095657_84198031	HG00733#1#JAHEPQ010000009.1_80095657_84198031	85.160	876	100	12	30	4102375	2211245	2212102	4102375	558144	557281	0.0	1072	967	minus	HG00733#1#JAHEPQ010000009.1_80095657_84198031
HG00733#1#JAHEPQ010000009.1_80095657_84198031	HG00733#1#JAHEPQ010000009.1_80095657_84198031	86.223	842	98	10	18	4102375	2211245	2212078	4102375	952193	953024	0.0	1072	967	plus	HG00733#1#JAHEPQ010000009.1_80095657_84198031
HG00733#1#JAHEPQ010000009.1_80095657_84198031	HG00733#1#JAHEPQ010000009.1_80095657_84198031	86.223	842	98	10	18	4102375	3890315	3891148	4102375	952193	953024	0.0	1072	967	plus	HG00733#1#JAHEPQ010000009.1_80095657_84198031
HG00733#1#JAHEPQ010000009.1_80095657_84198031	HG00733#1#JAHEPQ010000009.1_80095657_84198031	85.160	876	100	12	30	4102375	557281	558144	4102375	2212102	2211245	0.0	1072	967	minus	HG00733#1#JAHEPQ010000009.1_80095657_84198031
HG00733#1#JAHEPQ010000009.1_80095657_84198031	HG00733#1#JAHEPQ010000009.1_80095657_84198031	86.223	842	98	10	18	4102375	952193	953024	4102375	2211245	2212078	0.0	1072	967	plus	HG00733#1#JAHEPQ010000009.1_80095657_84198031
HG00733#1#JAHEPQ010000009.1_80095657_84198031	HG00733#1#JAHEPQ010000009.1_80095657_84198031	85.160	876	100	12	30	4102375	557281	558144	4102375	3891172	3890315	0.0	1072	967	minus	HG00733#1#JAHEPQ010000009.1_80095657_84198031
HG00733#1#JAHEPQ010000009.1_80095657_84198031	HG00733#1#JAHEPQ010000009.1_80095657_84198031	86.223	842	98	10	18	4102375	952193	953024	4102375	3890315	3891148	0.0	1072	967	plus	HG00733#1#JAHEPQ010000009.1_80095657_84198031
HG00733#1#JAHEPQ010000009.1_80095657_84198031	HG00733#1#JAHEPQ010000009.1_80095657_84198031	73.239	1760	377	38	94	4102375	144135	145866	4102375	84129	82436	0.0	1069	965	minus	HG00733#1#JAHEPQ010000009.1_80095657_84198031
HG00733#1#JAHEPQ010000009.1_80095657_84198031	HG00733#1#JAHEPQ010000009.1_80095657_84198031	73.239	1760	377	38	94	4102375	82436	84129	4102375	145866	144135	0.0	1069	965	minus	HG00733#1#JAHEPQ010000009.1_80095657_84198031
HG00733#1#JAHEPQ010000009.1_80095657_84198031	HG00733#1#JAHEPQ010000009.1_80095657_84198031	69.655	2432	624	45	114	4102375	782710	785089	4102375	71558	73927	0.0	1063	959	plus	HG00733#1#JAHEPQ010000009.1_80095657_84198031
HG00733#1#JAHEPQ010000009.1_80095657_84198031	HG00733#1#JAHEPQ010000009.1_80095657_84198031	69.655	2432	624	45	114	4102375	3317106	3319485	4102375	73927	71558	0.0	1063	959	minus	HG00733#1#JAHEPQ010000009.1_80095657_84198031
HG00733#1#JAHEPQ010000009.1_80095657_84198031	HG00733#1#JAHEPQ010000009.1_80095657_84198031	69.655	2432	624	45	114	4102375	2834552	2836931	4102375	73927	71558	0.0	1063	959	minus	HG00733#1#JAHEPQ010000009.1_80095657_84198031
HG00733#1#JAHEPQ010000009.1_80095657_84198031	HG00733#1#JAHEPQ010000009.1_80095657_84198031	69.655	2432	624	45	114	4102375	71558	73927	4102375	782710	785089	0.0	1063	959	plus	HG00733#1#JAHEPQ010000009.1_80095657_84198031
HG00733#1#JAHEPQ010000009.1_80095657_84198031	HG00733#1#JAHEPQ010000009.1_80095657_84198031	69.655	2432	624	45	114	4102375	71558	73927	4102375	2836931	2834552	0.0	1063	959	minus	HG00733#1#JAHEPQ010000009.1_80095657_84198031
HG00733#1#JAHEPQ010000009.1_80095657_84198031	HG00733#1#JAHEPQ010000009.1_80095657_84198031	69.655	2432	624	45	114	4102375	71558	73927	4102375	3319485	3317106	0.0	1063	959	minus	HG00733#1#JAHEPQ010000009.1_80095657_84198031
HG00733#1#JAHEPQ010000009.1_80095657_84198031	HG00733#1#JAHEPQ010000009.1_80095657_84198031	84.800	875	101	12	32	4102375	2211245	2212102	4102375	1865979	1866838	0.0	1057	954	plus	HG00733#1#JAHEPQ010000009.1_80095657_84198031
HG00733#1#JAHEPQ010000009.1_80095657_84198031	HG00733#1#JAHEPQ010000009.1_80095657_84198031	84.800	875	101	12	32	4102375	3890315	3891172	4102375	1865979	1866838	0.0	1057	954	plus	HG00733#1#JAHEPQ010000009.1_80095657_84198031
HG00733#1#JAHEPQ010000009.1_80095657_84198031	HG00733#1#JAHEPQ010000009.1_80095657_84198031	84.800	875	101	12	32	4102375	1865979	1866838	4102375	2211245	2212102	0.0	1057	954	plus	HG00733#1#JAHEPQ010000009.1_80095657_84198031
HG00733#1#JAHEPQ010000009.1_80095657_84198031	HG00733#1#JAHEPQ010000009.1_80095657_84198031	84.800	875	101	12	32	4102375	1865979	1866838	4102375	3890315	3891172	0.0	1057	954	plus	HG00733#1#JAHEPQ010000009.1_80095657_84198031
HG00733#1#JAHEPQ010000009.1_80095657_84198031	HG00733#1#JAHEPQ010000009.1_80095657_84198031	69.724	2355	571	47	142	4102375	83737	86003	4102375	71558	73858	0.0	1052	949	plus	HG00733#1#JAHEPQ010000009.1_80095657_84198031
HG00733#1#JAHEPQ010000009.1_80095657_84198031	HG00733#1#JAHEPQ010000009.1_80095657_84198031	69.724	2355	571	47	142	4102375	71558	73858	4102375	83737	86003	0.0	1052	949	plus	HG00733#1#JAHEPQ010000009.1_80095657_84198031
HG00733#1#JAHEPQ010000009.1_80095657_84198031	HG00733#1#JAHEPQ010000009.1_80095657_84198031	72.707	1799	422	34	69	4102375	1639424	1641199	4102375	1392250	1394002	0.0	1042	940	plus	HG00733#1#JAHEPQ010000009.1_80095657_84198031
HG00733#1#JAHEPQ010000009.1_80095657_84198031	HG00733#1#JAHEPQ010000009.1_80095657_84198031	72.707	1799	422	34	69	4102375	1392250	1394002	4102375	1639424	1641199	0.0	1042	940	plus	HG00733#1#JAHEPQ010000009.1_80095657_84198031
HG00733#1#JAHEPQ010000009.1_80095657_84198031	HG00733#1#JAHEPQ010000009.1_80095657_84198031	76.797	1224	266	1	18	4102375	963588	964793	4102375	962328	963551	0.0	1041	939	plus	HG00733#1#JAHEPQ010000009.1_80095657_84198031
HG00733#1#JAHEPQ010000009.1_80095657_84198031	HG00733#1#JAHEPQ010000009.1_80095657_84198031	69.519	2431	628	46	113	4102375	2351816	2354194	4102375	73927	71558	0.0	1040	939	minus	HG00733#1#JAHEPQ010000009.1_80095657_84198031
HG00733#1#JAHEPQ010000009.1_80095657_84198031	HG00733#1#JAHEPQ010000009.1_80095657_84198031	69.519	2431	628	46	113	4102375	1640245	1642623	4102375	73927	71558	0.0	1040	939	minus	HG00733#1#JAHEPQ010000009.1_80095657_84198031
HG00733#1#JAHEPQ010000009.1_80095657_84198031	HG00733#1#JAHEPQ010000009.1_80095657_84198031	69.519	2431	628	46	113	4102375	71558	73927	4102375	1642623	1640245	0.0	1040	939	minus	HG00733#1#JAHEPQ010000009.1_80095657_84198031
HG00733#1#JAHEPQ010000009.1_80095657_84198031	HG00733#1#JAHEPQ010000009.1_80095657_84198031	69.519	2431	628	46	113	4102375	71558	73927	4102375	2354194	2351816	0.0	1040	939	minus	HG00733#1#JAHEPQ010000009.1_80095657_84198031
HG00733#1#JAHEPQ010000009.1_80095657_84198031	HG00733#1#JAHEPQ010000009.1_80095657_84198031	72.651	1799	423	34	69	4102375	2350995	2352770	4102375	1392250	1394002	0.0	1037	936	plus	HG00733#1#JAHEPQ010000009.1_80095657_84198031
HG00733#1#JAHEPQ010000009.1_80095657_84198031	HG00733#1#JAHEPQ010000009.1_80095657_84198031	72.651	1799	423	34	69	4102375	1392250	1394002	4102375	2350995	2352770	0.0	1037	936	plus	HG00733#1#JAHEPQ010000009.1_80095657_84198031
HG00733#1#JAHEPQ010000009.1_80095657_84198031	HG00733#1#JAHEPQ010000009.1_80095657_84198031	83.618	879	107	9	37	4102375	3816920	3817776	4102375	962246	961383	0.0	1030	930	minus	HG00733#1#JAHEPQ010000009.1_80095657_84198031
HG00733#1#JAHEPQ010000009.1_80095657_84198031	HG00733#1#JAHEPQ010000009.1_80095657_84198031	83.618	879	107	9	37	4102375	961383	962246	4102375	3817776	3816920	0.0	1030	930	minus	HG00733#1#JAHEPQ010000009.1_80095657_84198031
HG00733#1#JAHEPQ010000009.1_80095657_84198031	HG00733#1#JAHEPQ010000009.1_80095657_84198031	72.500	1800	425	34	70	4102375	2833731	2835507	4102375	1392250	1394002	0.0	1025	925	plus	HG00733#1#JAHEPQ010000009.1_80095657_84198031
HG00733#1#JAHEPQ010000009.1_80095657_84198031	HG00733#1#JAHEPQ010000009.1_80095657_84198031	72.500	1800	425	34	70	4102375	3316285	3318061	4102375	1392250	1394002	0.0	1025	925	plus	HG00733#1#JAHEPQ010000009.1_80095657_84198031
HG00733#1#JAHEPQ010000009.1_80095657_84198031	HG00733#1#JAHEPQ010000009.1_80095657_84198031	72.500	1800	425	34	70	4102375	1392250	1394002	4102375	2833731	2835507	0.0	1025	925	plus	HG00733#1#JAHEPQ010000009.1_80095657_84198031
HG00733#1#JAHEPQ010000009.1_80095657_84198031	HG00733#1#JAHEPQ010000009.1_80095657_84198031	72.500	1800	425	34	70	4102375	1392250	1394002	4102375	3316285	3318061	0.0	1025	925	plus	HG00733#1#JAHEPQ010000009.1_80095657_84198031
HG00733#1#JAHEPQ010000009.1_80095657_84198031	HG00733#1#JAHEPQ010000009.1_80095657_84198031	93.464	612	40	0	0	4102375	3850325	3850936	4102375	2171413	2172024	0.0	1024	924	plus	HG00733#1#JAHEPQ010000009.1_80095657_84198031
HG00733#1#JAHEPQ010000009.1_80095657_84198031	HG00733#1#JAHEPQ010000009.1_80095657_84198031	93.464	612	40	0	0	4102375	2171413	2172024	4102375	3850325	3850936	0.0	1024	924	plus	HG00733#1#JAHEPQ010000009.1_80095657_84198031
